{
    "posts": [
        {
            "id": 404,
            "userId": 32,
            "title": "I live with somebody who has tested positive for COVID-19, what should I do?",
            "description": "",
            "createdAt": "2021-09-28T07:10:05.000Z",
            "views": 1254189,
            "answerCount": 1,
            "topicId": 23,
            "agencyId": 5,
            "tags": [
                {
                    "tagname": "moh",
                    "description": "Ministry of Health",
                    "tagType": "AGENCY",
                    "posttag": {
                        "createdAt": "2021-10-11T08:48:03.000Z",
                        "updatedAt": "2021-10-11T08:48:03.000Z",
                        "postId": 404,
                        "tagId": 22
                    }
                },
                {
                    "tagname": "Close contacts of COVID Cases",
                    "description": "Worried that you might have been a close contact to someone infected with COVID? Received a Health Risk Warning SMS? Here are some FAQs to help.",
                    "tagType": "TOPIC",
                    "posttag": {
                        "createdAt": "2021-10-11T08:48:03.000Z",
                        "updatedAt": "2021-10-11T08:48:03.000Z",
                        "postId": 404,
                        "tagId": 23
                    }
                }
            ],
            "user": {
                "username": "alexis@open.gov.sg"
            },
            "answers": [
                {
                    "id": 399,
                    "body": "<p>If a household member has tested positive for COVID-19, he/she will be asked to nominate you and your household members as close contacts.</p>\n<p>You and your household members will receive a Health Risk Notice (HRN) via SMS.</p>\n<p>Click <a href=\"https://www.covid.gov.sg/exposed/hrn\" target=\"_blank\">here</a>  to find out what to do when you are on HRN.</p>\n",
                    "createdAt": "2021-09-28T07:10:05.000Z",
                    "updatedAt": "2022-02-16T10:37:50.000Z",
                    "userId": 32,
                    "postId": 404
                }
            ],
            "topic": {
                "name": "Close contacts of COVID Cases",
                "description": "Worried that you might have been a close contact to someone infected with COVID? Received a Health Risk Notice SMS? Here are some FAQs to help."
            }
        },
        {
            "id": 509,
            "userId": 33,
            "title": "A member of my household, or a colleague whom I had close contact with at work, tested positive on the Antigen Rapid Test (ART). What should I do?",
            "description": "",
            "createdAt": "2021-10-11T10:14:23.000Z",
            "views": 1241370,
            "answerCount": 1,
            "topicId": 23,
            "agencyId": 5,
            "tags": [
                {
                    "tagname": "moh",
                    "description": "Ministry of Health",
                    "tagType": "AGENCY",
                    "posttag": {
                        "createdAt": "2021-10-18T05:12:58.000Z",
                        "updatedAt": "2021-10-18T05:12:58.000Z",
                        "postId": 509,
                        "tagId": 22
                    }
                },
                {
                    "tagname": "Close contacts of COVID Cases",
                    "description": "Worried that you might have been a close contact to someone infected with COVID? Received a Health Risk Warning SMS? Here are some FAQs to help.",
                    "tagType": "TOPIC",
                    "posttag": {
                        "createdAt": "2021-10-18T05:12:58.000Z",
                        "updatedAt": "2021-10-18T05:12:58.000Z",
                        "postId": 509,
                        "tagId": 23
                    }
                }
            ],
            "user": {
                "username": "Timothy_TAY@moh.gov.sg"
            },
            "answers": [
                {
                    "id": 504,
                    "body": "<p>While you will not be issued a Health Risk Notice (HRN), we advise that you take the following precautions:</p>\n<p>1. Minimise contact with the person who had tested ART positive.</p>\n<p>2. Take an ART self-test within 24 hours of your last contact with the person.</p>\n<p>3. Should you need to leave your home over the next 5 days, e.g. for work or to school, take an ART self-test on the same day:</p>\n<ul>\n<li>If negative: you may leave your home.</li>\n<li>If positive: follow the instructions for <a href=\"https://www.covid.gov.sg/well-and-positive-or-condition-assessed-mild-by-doctor\" target=\"_blank\">Protocol 2</a>.</li>\n</ul>\n",
                    "createdAt": "2021-10-11T10:14:23.000Z",
                    "updatedAt": "2022-02-22T09:33:29.000Z",
                    "userId": 33,
                    "postId": 509
                }
            ],
            "topic": {
                "name": "Close contacts of COVID Cases",
                "description": "Worried that you might have been a close contact to someone infected with COVID? Received a Health Risk Notice SMS? Here are some FAQs to help."
            }
        },
        {
            "id": 443,
            "userId": 13,
            "title": "I received a Health Risk Notice (HRN) via SMS. Can I go out to buy food, see a doctor, or go to work or school?",
            "description": "",
            "createdAt": "2021-09-29T09:42:23.000Z",
            "views": 729786,
            "answerCount": 1,
            "topicId": 23,
            "agencyId": 5,
            "tags": [
                {
                    "tagname": "moh",
                    "description": "Ministry of Health",
                    "tagType": "AGENCY",
                    "posttag": {
                        "createdAt": "2021-10-14T14:05:17.000Z",
                        "updatedAt": "2021-10-14T14:05:17.000Z",
                        "postId": 443,
                        "tagId": 22
                    }
                },
                {
                    "tagname": "Close contacts of COVID Cases",
                    "description": "Worried that you might have been a close contact to someone infected with COVID? Received a Health Risk Warning SMS? Here are some FAQs to help.",
                    "tagType": "TOPIC",
                    "posttag": {
                        "createdAt": "2021-10-14T14:05:17.000Z",
                        "updatedAt": "2021-10-14T14:05:17.000Z",
                        "postId": 443,
                        "tagId": 23
                    }
                }
            ],
            "user": {
                "username": "alwyn.tan@open.gov.sg"
            },
            "answers": [
                {
                    "id": 438,
                    "body": "<p>Should you need to leave your place of residence you should only do so when you self-test ART negative.&nbsp;</p>\n<p>If at any time you test positive, follow the <a href=\"https://www.covid.gov.sg/well-and-positive-or-condition-assessed-mild-by-doctor\" target=\"_blank\">instructions for Protocol 2</a> .</p>\n<p>Click <a href=\"https://www.covid.gov.sg/exposed/hrn\" target=\"_blank\">here</a>  to find out what you need to do when you receive a HRN SMS</p>\n",
                    "createdAt": "2021-09-29T09:42:23.000Z",
                    "updatedAt": "2022-02-16T10:41:03.000Z",
                    "userId": 13,
                    "postId": 443
                }
            ],
            "topic": {
                "name": "Close contacts of COVID Cases",
                "description": "Worried that you might have been a close contact to someone infected with COVID? Received a Health Risk Notice SMS? Here are some FAQs to help."
            }
        },
        {
            "id": 455,
            "userId": 26,
            "title": "A household member of mine is undergoing Home Recovery. What do I need to do?",
            "description": "",
            "createdAt": "2021-09-29T10:01:32.000Z",
            "views": 500417,
            "answerCount": 1,
            "topicId": 23,
            "agencyId": 5,
            "tags": [
                {
                    "tagname": "moh",
                    "description": "Ministry of Health",
                    "tagType": "AGENCY",
                    "posttag": {
                        "createdAt": "2021-10-11T08:39:38.000Z",
                        "updatedAt": "2021-10-11T08:39:38.000Z",
                        "postId": 455,
                        "tagId": 22
                    }
                },
                {
                    "tagname": "Close contacts of COVID Cases",
                    "description": "Worried that you might have been a close contact to someone infected with COVID? Received a Health Risk Warning SMS? Here are some FAQs to help.",
                    "tagType": "TOPIC",
                    "posttag": {
                        "createdAt": "2021-10-11T08:39:38.000Z",
                        "updatedAt": "2021-10-11T08:39:38.000Z",
                        "postId": 455,
                        "tagId": 23
                    }
                }
            ],
            "user": {
                "username": "huiqing@open.gov.sg"
            },
            "answers": [
                {
                    "id": 450,
                    "body": "<p>If a member of your household is on <a href=\"https://www.covid.gov.sg/unwell/hrp\" target=\"_blank\">Home Recovery</a> , they will need to register you and your household members as close contacts.</p>\n<p>You and your household members will receive a Health Risk Notice (HRN).</p>\n<p>Click <a href=\"https://www.covid.gov.sg/exposed/hrn\" target=\"_blank\">here</a>  to find out what you need to do when you are placed on HRN.</p>\n",
                    "createdAt": "2021-09-29T10:01:32.000Z",
                    "updatedAt": "2022-02-21T07:06:11.000Z",
                    "userId": 26,
                    "postId": 455
                }
            ],
            "topic": {
                "name": "Close contacts of COVID Cases",
                "description": "Worried that you might have been a close contact to someone infected with COVID? Received a Health Risk Notice SMS? Here are some FAQs to help."
            }
        },
        {
            "id": 473,
            "userId": 26,
            "title": "How does MOH determine if someone is a close contact of a confirmed case?",
            "description": "",
            "createdAt": "2021-09-29T10:25:10.000Z",
            "views": 400818,
            "answerCount": 1,
            "topicId": 23,
            "agencyId": 5,
            "tags": [
                {
                    "tagname": "moh",
                    "description": "Ministry of Health",
                    "tagType": "AGENCY",
                    "posttag": {
                        "createdAt": "2021-10-08T08:36:20.000Z",
                        "updatedAt": "2021-10-08T08:36:20.000Z",
                        "postId": 473,
                        "tagId": 22
                    }
                },
                {
                    "tagname": "Close contacts of COVID Cases",
                    "description": "Worried that you might have been a close contact to someone infected with COVID? Received a Health Risk Warning SMS? Here are some FAQs to help.",
                    "tagType": "TOPIC",
                    "posttag": {
                        "createdAt": "2021-10-08T08:36:20.000Z",
                        "updatedAt": "2021-10-08T08:36:20.000Z",
                        "postId": 473,
                        "tagId": 23
                    }
                }
            ],
            "user": {
                "username": "huiqing@open.gov.sg"
            },
            "answers": [
                {
                    "id": 468,
                    "body": "<p>MOH conducts contact tracing to identify people who have been in contact with the confirmed case.&nbsp;</p>\n<p>A close contact is defined as someone who has spent 15 minutes or more within 2 metres of the infected individual.&nbsp;</p>\n<p>Besides the duration and proximity of exposure, MOH also considers the nature and setting of exposure, type of personal protective equipment donned, and other clinical and epidemiological factors when assessing if follow up actions are required for the close contacts.</p>\n<p>Identified close contacts will be advised by MOH officials on the measures they should take.</p>\n",
                    "createdAt": "2021-09-29T10:25:10.000Z",
                    "updatedAt": "2021-10-08T08:36:20.000Z",
                    "userId": 26,
                    "postId": 473
                }
            ],
            "topic": {
                "name": "Close contacts of COVID Cases",
                "description": "Worried that you might have been a close contact to someone infected with COVID? Received a Health Risk Notice SMS? Here are some FAQs to help."
            }
        },
        {
            "id": 402,
            "userId": 31,
            "title": "I received a Health Risk Notice (HRN) SMS. What should I do?",
            "description": "",
            "createdAt": "2021-09-28T06:54:12.000Z",
            "views": 164114,
            "answerCount": 1,
            "topicId": 23,
            "agencyId": 5,
            "tags": [
                {
                    "tagname": "moh",
                    "description": "Ministry of Health",
                    "tagType": "AGENCY",
                    "posttag": {
                        "createdAt": "2021-10-11T08:40:34.000Z",
                        "updatedAt": "2021-10-11T08:40:34.000Z",
                        "postId": 402,
                        "tagId": 22
                    }
                },
                {
                    "tagname": "Close contacts of COVID Cases",
                    "description": "Worried that you might have been a close contact to someone infected with COVID? Received a Health Risk Warning SMS? Here are some FAQs to help.",
                    "tagType": "TOPIC",
                    "posttag": {
                        "createdAt": "2021-10-11T08:40:34.000Z",
                        "updatedAt": "2021-10-11T08:40:34.000Z",
                        "postId": 402,
                        "tagId": 23
                    }
                }
            ],
            "user": {
                "username": "alexander@open.gov.sg"
            },
            "answers": [
                {
                    "id": 397,
                    "body": "<p>You should take an Antigen Rapid Test (ART) self-test as soon as you receive the Health Risk Notice (HRN) SMS.</p>\n<p><strong>For Residents: </strong>If you do not have any ART kits, you can collect ART kits from vending machines at venues listed <a href=\"https://gowhere.gov.sg/art\" target=\"_blank\">here</a> .</p>\n<p><strong>For Non-Residents:</strong> You may purchase ART kits from local retail pharmacies. If you are staying in a hotel, you may wish to approach the hotel concierge for assistance.</p>\n<p>Should you need to leave your place of accommodation over the next 5 days, take an ART self-test on the same day: You will need to test negative before you can leave.</p>\n<p>On Day 5, take a final ART self-test: If you test negative, you can resume normal activities. No further tests are needed.</p>\n<p>If at any time you test positive, follow the <a href=\"https://www.covid.gov.sg/well-and-positive-or-condition-assessed-mild-by-doctor\" target=\"_blank\">instructions for Protocol 2</a> .</p>\n<p>Click <a href=\"https://www.covid.gov.sg/exposed/hrn\" target=\"_blank\">here</a> for more info on what you need to do when you receive a HRN SMS.</p>\n",
                    "createdAt": "2021-09-28T06:54:12.000Z",
                    "updatedAt": "2022-02-16T10:34:09.000Z",
                    "userId": 31,
                    "postId": 402
                }
            ],
            "topic": {
                "name": "Close contacts of COVID Cases",
                "description": "Worried that you might have been a close contact to someone infected with COVID? Received a Health Risk Notice SMS? Here are some FAQs to help."
            }
        },
        {
            "id": 393,
            "userId": 30,
            "title": "I've been to an affected area, but didn't receive a Health Risk Notice (HRN) notification. Should I be concerned?",
            "description": "",
            "createdAt": "2021-09-28T06:26:00.000Z",
            "views": 106916,
            "answerCount": 1,
            "topicId": 23,
            "agencyId": 5,
            "tags": [
                {
                    "tagname": "moh",
                    "description": "Ministry of Health",
                    "tagType": "AGENCY",
                    "posttag": {
                        "createdAt": "2021-10-11T07:10:12.000Z",
                        "updatedAt": "2021-10-11T07:10:12.000Z",
                        "postId": 393,
                        "tagId": 22
                    }
                },
                {
                    "tagname": "Close contacts of COVID Cases",
                    "description": "Worried that you might have been a close contact to someone infected with COVID? Received a Health Risk Warning SMS? Here are some FAQs to help.",
                    "tagType": "TOPIC",
                    "posttag": {
                        "createdAt": "2021-10-11T07:10:12.000Z",
                        "updatedAt": "2021-10-11T07:10:12.000Z",
                        "postId": 393,
                        "tagId": 23
                    }
                }
            ],
            "user": {
                "username": "keewei@open.gov.sg"
            },
            "answers": [
                {
                    "id": 388,
                    "body": "<p>Although you have been to an affected area, you may not be at risk of infection as you might not have been at the affected area at the same time as the COVID-19 case(s).</p>\n<p>Nonetheless, you may self-monitor your health for 5 days from your last visit to the affected location.</p>\n",
                    "createdAt": "2021-09-28T06:26:00.000Z",
                    "updatedAt": "2022-02-16T10:28:28.000Z",
                    "userId": 30,
                    "postId": 393
                }
            ],
            "topic": {
                "name": "Close contacts of COVID Cases",
                "description": "Worried that you might have been a close contact to someone infected with COVID? Received a Health Risk Notice SMS? Here are some FAQs to help."
            }
        },
        {
            "id": 394,
            "userId": 30,
            "title": "How can I tell if the Health Risk Notice (HRN) I received is not a scam?",
            "description": "",
            "createdAt": "2021-09-28T06:27:26.000Z",
            "views": 103546,
            "answerCount": 1,
            "topicId": 23,
            "agencyId": 5,
            "tags": [
                {
                    "tagname": "moh",
                    "description": "Ministry of Health",
                    "tagType": "AGENCY",
                    "posttag": {
                        "createdAt": "2021-10-11T07:11:40.000Z",
                        "updatedAt": "2021-10-11T07:11:40.000Z",
                        "postId": 394,
                        "tagId": 22
                    }
                },
                {
                    "tagname": "Close contacts of COVID Cases",
                    "description": "Worried that you might have been a close contact to someone infected with COVID? Received a Health Risk Warning SMS? Here are some FAQs to help.",
                    "tagType": "TOPIC",
                    "posttag": {
                        "createdAt": "2021-10-11T07:11:40.000Z",
                        "updatedAt": "2021-10-11T07:11:40.000Z",
                        "postId": 394,
                        "tagId": 23
                    }
                }
            ],
            "user": {
                "username": "keewei@open.gov.sg"
            },
            "answers": [
                {
                    "id": 389,
                    "body": "<p>If you are placed on Health Risk Notice (HRN), you will receive an SMS on the mobile number registered to your TraceTogether App or Token.</p>\n<p>The SMS notification should indicate your full name and the last 4 digits of your identification number.</p>\n<p>You may also call 63805072 to verify the SMS notification.</p>\n<p>Please note that MOH will not ask for your financial details when conducting contact tracing nor divulge any details of confirmed cases. MOH will also not ask you to collect documents from MOH, unless you have existing business with MOH.</p>\n",
                    "createdAt": "2021-09-28T06:27:26.000Z",
                    "updatedAt": "2022-02-16T10:30:50.000Z",
                    "userId": 30,
                    "postId": 394
                }
            ],
            "topic": {
                "name": "Close contacts of COVID Cases",
                "description": "Worried that you might have been a close contact to someone infected with COVID? Received a Health Risk Notice SMS? Here are some FAQs to help."
            }
        },
        {
            "id": 496,
            "userId": 33,
            "title": "Can I collect/purchase ART kits when I am under Health Risk Notice (HRN)?",
            "description": "",
            "createdAt": "2021-10-09T06:33:36.000Z",
            "views": 83904,
            "answerCount": 1,
            "topicId": 23,
            "agencyId": 5,
            "tags": [
                {
                    "tagname": "moh",
                    "description": "Ministry of Health",
                    "tagType": "AGENCY",
                    "posttag": {
                        "createdAt": "2021-10-11T07:14:27.000Z",
                        "updatedAt": "2021-10-11T07:14:27.000Z",
                        "postId": 496,
                        "tagId": 22
                    }
                },
                {
                    "tagname": "Close contacts of COVID Cases",
                    "description": "Worried that you might have been a close contact to someone infected with COVID? Received a Health Risk Warning SMS? Here are some FAQs to help.",
                    "tagType": "TOPIC",
                    "posttag": {
                        "createdAt": "2021-10-11T07:14:27.000Z",
                        "updatedAt": "2021-10-11T07:14:27.000Z",
                        "postId": 496,
                        "tagId": 23
                    }
                }
            ],
            "user": {
                "username": "Timothy_TAY@moh.gov.sg"
            },
            "answers": [
                {
                    "id": 491,
                    "body": "<p><strong>For Residents: </strong>You are allowed to leave home to collect one pack of 3 Antigen Rapid Test (ART) kits from the <a href=\"https://gowhere.gov.sg/art\" target=\"_blank\">vending machines</a>.</p>\n<p>However, you should minimise social contact during the collection.<br><br><strong>For Non-Residents:</strong> You may purchase ART kits from local retail pharmacies. If you are staying in a hotel, you may wish to approach the hotel concierge for assistance.</p>\n",
                    "createdAt": "2021-10-09T06:33:36.000Z",
                    "updatedAt": "2022-03-10T11:29:26.000Z",
                    "userId": 33,
                    "postId": 496
                }
            ],
            "topic": {
                "name": "Close contacts of COVID Cases",
                "description": "Worried that you might have been a close contact to someone infected with COVID? Received a Health Risk Notice SMS? Here are some FAQs to help."
            }
        },
        {
            "id": 510,
            "userId": 33,
            "title": "If my child is a close contact of a COVID-19 case, will he or she be issued a Health Risk Notice (HRN)?",
            "description": "",
            "createdAt": "2021-10-12T11:08:03.000Z",
            "views": 59252,
            "answerCount": 1,
            "topicId": 23,
            "agencyId": 5,
            "tags": [
                {
                    "tagname": "moh",
                    "description": "Ministry of Health",
                    "tagType": "AGENCY",
                    "posttag": {
                        "createdAt": "2021-10-12T11:08:03.000Z",
                        "updatedAt": "2021-10-12T11:08:03.000Z",
                        "postId": 510,
                        "tagId": 22
                    }
                },
                {
                    "tagname": "Close contacts of COVID Cases",
                    "description": "Worried that you might have been a close contact to someone infected with COVID? Received a Health Risk Warning SMS? Here are some FAQs to help.",
                    "tagType": "TOPIC",
                    "posttag": {
                        "createdAt": "2021-10-12T11:08:03.000Z",
                        "updatedAt": "2021-10-12T11:08:03.000Z",
                        "postId": 510,
                        "tagId": 23
                    }
                }
            ],
            "user": {
                "username": "Timothy_TAY@moh.gov.sg"
            },
            "answers": [
                {
                    "id": 505,
                    "body": "<p>Only children aged 2 and above – who are close contacts / household contacts of COVID-19 cases – will be issued Health Risk Notices (HRNs) via SMS. The SMSes will be sent to the phone number based on their personal data linked to the TraceTogether (TT) app/token.</p>\n<p>Parents can contact support@tracetogether.gov.sg to update the details linked to their child’s TT to ensure the health notifications are delivered to the relevant recipient.&nbsp;&nbsp;</p>\n<p>Children under the age of 2 will not be issued HRNs.</p>\n<p>For children under the age of 2 – who are close contacts / household contacts of COVID-19 cases –parents are advised to:</p>\n<p>1.\tMinimise their children’s social interactions out of the home</p>\n<p>2.\tMonitor if their children display any symptoms of COVID-19 and to seek medical care if they become symptomatic</p>\n<p>3.\tInform their children’s preschool, and to check with them on their regulations for returning to school. To minimise the risk of transmission in preschools, children who are close contacts / household contacts of COVID-19 cases will need to produce a negative ART for each day that they return to preschool for a specified period, as advised by the preschool.&nbsp;</p>\n<p>This would be for <strong>five days</strong>.</p>\n<p>Click <a href=\"http://covid.gov.sg/exposed/hrw\" target=\"_blank\">here</a>  for more info on HRN.</p>\n<p>Children who have recovered from COVID-19 within the past 90 days will be exempted from HRN, regardless of their vaccination status. Parents/children who receive a HRN SMS and have recently recovered, should therefore disregard the HRN.</p>\n<p>The following two brands of ART may be administered by parents/ caregivers on children under 2 years old:</p>\n<ul>\n<li>Abbott Panbio COVID-19 Antigen Self-Test</li>\n<li>Acon Biotech Flowflex SARS-CoV-2 Antigen Rapid Test (Self-Testing)</li>\n</ul>\n",
                    "createdAt": "2021-10-12T11:08:03.000Z",
                    "updatedAt": "2022-03-01T07:33:09.000Z",
                    "userId": 33,
                    "postId": 510
                }
            ],
            "topic": {
                "name": "Close contacts of COVID Cases",
                "description": "Worried that you might have been a close contact to someone infected with COVID? Received a Health Risk Notice SMS? Here are some FAQs to help."
            }
        },
        {
            "id": 511,
            "userId": 33,
            "title": "I have received a Health Risk Notice (HRN). Am I allowed to return to work?",
            "description": "",
            "createdAt": "2021-10-14T14:04:32.000Z",
            "views": 45324,
            "answerCount": 1,
            "topicId": 23,
            "agencyId": 5,
            "tags": [
                {
                    "tagname": "moh",
                    "description": "Ministry of Health",
                    "tagType": "AGENCY",
                    "posttag": {
                        "createdAt": "2021-10-14T14:04:32.000Z",
                        "updatedAt": "2021-10-14T14:04:32.000Z",
                        "postId": 511,
                        "tagId": 22
                    }
                },
                {
                    "tagname": "Close contacts of COVID Cases",
                    "description": "Worried that you might have been a close contact to someone infected with COVID? Received a Health Risk Warning SMS? Here are some FAQs to help.",
                    "tagType": "TOPIC",
                    "posttag": {
                        "createdAt": "2021-10-14T14:04:32.000Z",
                        "updatedAt": "2021-10-14T14:04:32.000Z",
                        "postId": 511,
                        "tagId": 23
                    }
                }
            ],
            "user": {
                "username": "Timothy_TAY@moh.gov.sg"
            },
            "answers": [
                {
                    "id": 506,
                    "body": "<p>You are allowed to return to work as long as you test ART negative each day before you leave your place of residence for work.</p>\n<p>If at any time you test positive, follow the instructions for <a href=\"https://www.covid.gov.sg/well-and-positive-or-condition-assessed-mild-by-doctor\" target=\"_blank\">Protocol 2</a>.</p>\n<p>Click <a href=\"http://covid.gov.sg/exposed/hrn\" target=\"_blank\">here</a>  for more info on what you should do when you are issued a HRN.</p>\n",
                    "createdAt": "2021-10-14T14:04:32.000Z",
                    "updatedAt": "2022-02-16T13:09:36.000Z",
                    "userId": 33,
                    "postId": 511
                }
            ],
            "topic": {
                "name": "Close contacts of COVID Cases",
                "description": "Worried that you might have been a close contact to someone infected with COVID? Received a Health Risk Notice SMS? Here are some FAQs to help."
            }
        },
        {
            "id": 520,
            "userId": 33,
            "title": "I was registered as a household contact of a confirmed case, but have not received a Health Risk Notice (HRN) even after 48 hours. What should I do?",
            "description": "",
            "createdAt": "2021-10-25T14:05:30.000Z",
            "views": 43028,
            "answerCount": 1,
            "topicId": 23,
            "agencyId": 5,
            "tags": [
                {
                    "tagname": "moh",
                    "description": "Ministry of Health",
                    "tagType": "AGENCY",
                    "posttag": {
                        "createdAt": "2021-10-25T14:08:47.000Z",
                        "updatedAt": "2021-10-25T14:08:47.000Z",
                        "postId": 520,
                        "tagId": 22
                    }
                },
                {
                    "tagname": "Close contacts of COVID Cases",
                    "description": "Worried that you might have been a close contact to someone infected with COVID? Received a Health Risk Warning SMS? Here are some FAQs to help.",
                    "tagType": "TOPIC",
                    "posttag": {
                        "createdAt": "2021-10-25T14:08:47.000Z",
                        "updatedAt": "2021-10-25T14:08:47.000Z",
                        "postId": 520,
                        "tagId": 23
                    }
                }
            ],
            "user": {
                "username": "Timothy_TAY@moh.gov.sg"
            },
            "answers": [
                {
                    "id": 515,
                    "body": "<p>Here are some possible reasons why you may not have received a Health Risk Notice (HRN) SMS, even though you were registered as a household contact of a confirmed COVID-19 case:</p>\n<p><strong>1. Your details (e.g. NRIC, mobile number) may have been submitted incorrectly</strong></p>\n<p>If you suspect this might be so, you may submit the form again at the same link.</p>\n<p>While waiting for the SMS, you are advised to exercise social responsibility and minimise social interactions.</p>\n<p>If you need to leave your home, take an Antigen Rapid Test (ART) self-test and test negative before leaving<strong>.</strong></p>\n<ul>\n<li>If positive: follow the instructions for <a href=\"https://www.covid.gov.sg/well-and-positive-or-condition-assessed-mild-by-doctor\" target=\"_blank\">Protocol 2</a> .</li>\n</ul>\n<p><strong>2. Your last date of contact with the confirmed case was more than 5 days ago</strong></p>\n<p>In this situation, you are advised to monitor your health over the next few days.</p>\n<p>At any time you feel unwell, e.g. fever, cough, sore throat, see a <a href=\"http://phpc.gov.sg\" target=\"_blank\">doctor</a>.&nbsp;</p>\n<p>If you are well, but are still worried, take an ART self-test.</p>\n<ul>\n<li>If positive: follow the instructions for <a href=\"https://www.covid.gov.sg/well-and-positive-or-condition-assessed-mild-by-doctor\" target=\"_blank\">Protocol 2</a> .</li>\n</ul>\n<p><strong>3. You have recovered from COVID-19 within the past 90 days. </strong></p>\n",
                    "createdAt": "2021-10-25T14:05:30.000Z",
                    "updatedAt": "2022-02-23T01:35:18.000Z",
                    "userId": 33,
                    "postId": 520
                }
            ],
            "topic": {
                "name": "Close contacts of COVID Cases",
                "description": "Worried that you might have been a close contact to someone infected with COVID? Received a Health Risk Notice SMS? Here are some FAQs to help."
            }
        },
        {
            "id": 445,
            "userId": 13,
            "title": "I received a Health Risk Notice (HRN) via SMS, but I have a COVID-19 vaccination appointment soon. Can I still go for it?",
            "description": "",
            "createdAt": "2021-09-29T09:45:20.000Z",
            "views": 42716,
            "answerCount": 1,
            "topicId": 23,
            "agencyId": 5,
            "tags": [
                {
                    "tagname": "moh",
                    "description": "Ministry of Health",
                    "tagType": "AGENCY",
                    "posttag": {
                        "createdAt": "2021-10-14T14:06:12.000Z",
                        "updatedAt": "2021-10-14T14:06:12.000Z",
                        "postId": 445,
                        "tagId": 22
                    }
                },
                {
                    "tagname": "Close contacts of COVID Cases",
                    "description": "Worried that you might have been a close contact to someone infected with COVID? Received a Health Risk Warning SMS? Here are some FAQs to help.",
                    "tagType": "TOPIC",
                    "posttag": {
                        "createdAt": "2021-10-14T14:06:12.000Z",
                        "updatedAt": "2021-10-14T14:06:12.000Z",
                        "postId": 445,
                        "tagId": 23
                    }
                }
            ],
            "user": {
                "username": "alwyn.tan@open.gov.sg"
            },
            "answers": [
                {
                    "id": 440,
                    "body": "<p>Should you need to leave your place of residence you should only do so when you self-test ART negative.&nbsp;</p>\n<p>If at any time you test positive, follow the instructions for <a href=\"https://www.covid.gov.sg/well-and-positive-or-condition-assessed-mild-by-doctor\" target=\"_blank\">Protocol 2</a>.&nbsp;</p>\n<p>Click <a href=\"https://www.covid.gov.sg/exposed/hrn\" target=\"_blank\">here</a>  to find out what you need to do when you receive a HRN SMS.</p>\n",
                    "createdAt": "2021-09-29T09:45:20.000Z",
                    "updatedAt": "2022-02-16T10:43:00.000Z",
                    "userId": 13,
                    "postId": 445
                }
            ],
            "topic": {
                "name": "Close contacts of COVID Cases",
                "description": "Worried that you might have been a close contact to someone infected with COVID? Received a Health Risk Notice SMS? Here are some FAQs to help."
            }
        },
        {
            "id": 495,
            "userId": 33,
            "title": "I have been placed on Health Risk Notice (HRN). Where can I collect the ART kits from the vending machines? Where can I purchase ART kits?",
            "description": "",
            "createdAt": "2021-10-09T06:30:29.000Z",
            "views": 31907,
            "answerCount": 1,
            "topicId": 23,
            "agencyId": 5,
            "tags": [
                {
                    "tagname": "moh",
                    "description": "Ministry of Health",
                    "tagType": "AGENCY",
                    "posttag": {
                        "createdAt": "2021-10-11T09:30:42.000Z",
                        "updatedAt": "2021-10-11T09:30:42.000Z",
                        "postId": 495,
                        "tagId": 22
                    }
                },
                {
                    "tagname": "Close contacts of COVID Cases",
                    "description": "Worried that you might have been a close contact to someone infected with COVID? Received a Health Risk Warning SMS? Here are some FAQs to help.",
                    "tagType": "TOPIC",
                    "posttag": {
                        "createdAt": "2021-10-11T09:30:42.000Z",
                        "updatedAt": "2021-10-11T09:30:42.000Z",
                        "postId": 495,
                        "tagId": 23
                    }
                }
            ],
            "user": {
                "username": "Timothy_TAY@moh.gov.sg"
            },
            "answers": [
                {
                    "id": 490,
                    "body": "<p><strong>For Residents: </strong>You can collect the ART kits from vending machines these <a href=\"https://gowhere.gov.sg/art\" target=\"_blank\">location</a>.&nbsp;</p>\n<p>Please bring along your Singapore-issued identification document, e.g. NRIC/FIN, student pass, birth certificate with a barcode. If a household member is collecting on your behalf, please ask them to bring along your identification document.</p>\n<p><strong>For Non-Residents: </strong>You may purchase ART kits from local retail pharmacies. If you are staying in a hotel, you may wish to approach the hotel concierge for assistance.</p>\n",
                    "createdAt": "2021-10-09T06:30:29.000Z",
                    "updatedAt": "2022-02-16T10:56:42.000Z",
                    "userId": 33,
                    "postId": 495
                }
            ],
            "topic": {
                "name": "Close contacts of COVID Cases",
                "description": "Worried that you might have been a close contact to someone infected with COVID? Received a Health Risk Notice SMS? Here are some FAQs to help."
            }
        },
        {
            "id": 508,
            "userId": 33,
            "title": "I am on Health Risk Notice (HRN). Where do I submit my Antigen Rapid Test (ART) self-test results?",
            "description": "",
            "createdAt": "2021-10-11T07:54:29.000Z",
            "views": 25613,
            "answerCount": 1,
            "topicId": 23,
            "agencyId": 5,
            "tags": [
                {
                    "tagname": "moh",
                    "description": "Ministry of Health",
                    "tagType": "AGENCY",
                    "posttag": {
                        "createdAt": "2021-10-11T09:37:57.000Z",
                        "updatedAt": "2021-10-11T09:37:57.000Z",
                        "postId": 508,
                        "tagId": 22
                    }
                },
                {
                    "tagname": "Close contacts of COVID Cases",
                    "description": "Worried that you might have been a close contact to someone infected with COVID? Received a Health Risk Warning SMS? Here are some FAQs to help.",
                    "tagType": "TOPIC",
                    "posttag": {
                        "createdAt": "2021-10-11T09:37:57.000Z",
                        "updatedAt": "2021-10-11T09:37:57.000Z",
                        "postId": 508,
                        "tagId": 23
                    }
                }
            ],
            "user": {
                "username": "Timothy_TAY@moh.gov.sg"
            },
            "answers": [
                {
                    "id": 503,
                    "body": "<p>You do not submit your test results.</p>\n<p>Click <a href=\"https://www.covid.gov.sg/exposed/hrn\" target=\"_blank\">here</a>  for more info on what to do when you receive a Health Risk Notice (HRN).</p>\n",
                    "createdAt": "2021-10-11T07:54:29.000Z",
                    "updatedAt": "2022-02-16T11:15:58.000Z",
                    "userId": 33,
                    "postId": 508
                }
            ],
            "topic": {
                "name": "Close contacts of COVID Cases",
                "description": "Worried that you might have been a close contact to someone infected with COVID? Received a Health Risk Notice SMS? Here are some FAQs to help."
            }
        },
        {
            "id": 468,
            "userId": 13,
            "title": "I suspect I've been in the same place as a confirmed Covid case. Should I be worried?",
            "description": "",
            "createdAt": "2021-09-29T10:20:55.000Z",
            "views": 25220,
            "answerCount": 1,
            "topicId": 23,
            "agencyId": 5,
            "tags": [
                {
                    "tagname": "moh",
                    "description": "Ministry of Health",
                    "tagType": "AGENCY",
                    "posttag": {
                        "createdAt": "2021-10-11T09:24:27.000Z",
                        "updatedAt": "2021-10-11T09:24:27.000Z",
                        "postId": 468,
                        "tagId": 22
                    }
                },
                {
                    "tagname": "Close contacts of COVID Cases",
                    "description": "Worried that you might have been a close contact to someone infected with COVID? Received a Health Risk Warning SMS? Here are some FAQs to help.",
                    "tagType": "TOPIC",
                    "posttag": {
                        "createdAt": "2021-10-11T09:24:27.000Z",
                        "updatedAt": "2021-10-11T09:24:27.000Z",
                        "postId": 468,
                        "tagId": 23
                    }
                }
            ],
            "user": {
                "username": "alwyn.tan@open.gov.sg"
            },
            "answers": [
                {
                    "id": 463,
                    "body": "<p>If you are deemed to be a close contact of a confirmed case, you will be contacted by MOH officials and advised on the measures that you should take.</p>\n<p>Close contacts are identified as those who have provided care for, or have had close physical contact with the infected person.</p>\n<p>Transient contacts are those who have interacted with the infected person for short periods of time, such as passing by each other in the corridor, or being on the same public transport or in the same public space. The risk of infection in such situations is usually low.</p>\n<p>Regardless, please monitor your health. Take an Antigen Rapid Test (ART) self-test if you suspect that you may have caught an infection.</p>\n<p>Click <a href=\"https://www.covid.gov.sg/exposed/hrn\" target=\"_blank\">here</a>  for more info on what to do if you are a close contact of a COVID-19 case.</p>\n",
                    "createdAt": "2021-09-29T10:20:55.000Z",
                    "updatedAt": "2022-02-16T10:48:18.000Z",
                    "userId": 13,
                    "postId": 468
                }
            ],
            "topic": {
                "name": "Close contacts of COVID Cases",
                "description": "Worried that you might have been a close contact to someone infected with COVID? Received a Health Risk Notice SMS? Here are some FAQs to help."
            }
        },
        {
            "id": 397,
            "userId": 31,
            "title": "When should I seek emergency help? What symptoms should I look out for?",
            "description": "",
            "createdAt": "2021-09-28T06:34:22.000Z",
            "views": 20449,
            "answerCount": 1,
            "topicId": 23,
            "agencyId": 5,
            "tags": [
                {
                    "tagname": "moh",
                    "description": "Ministry of Health",
                    "tagType": "AGENCY",
                    "posttag": {
                        "createdAt": "2021-10-08T08:28:34.000Z",
                        "updatedAt": "2021-10-08T08:28:34.000Z",
                        "postId": 397,
                        "tagId": 22
                    }
                },
                {
                    "tagname": "Close contacts of COVID Cases",
                    "description": "Worried that you might have been a close contact to someone infected with COVID? Received a Health Risk Warning SMS? Here are some FAQs to help.",
                    "tagType": "TOPIC",
                    "posttag": {
                        "createdAt": "2021-10-08T08:28:34.000Z",
                        "updatedAt": "2021-10-08T08:28:34.000Z",
                        "postId": 397,
                        "tagId": 23
                    }
                }
            ],
            "user": {
                "username": "alexander@open.gov.sg"
            },
            "answers": [
                {
                    "id": 392,
                    "body": "<p>If you experience any of these symptoms, call <a href=\"tel:995\" target=\"_blank\">995</a>  immediately:</p>\n<ul>\n<li>Shortness of breath or difficulty breathing</li>\n<li>Chest pains or pressures on your chest</li>\n<li>Palpitations (if your heart is beating very fast or pounding)</li>\n<li>If you have an oximeter, an SpO2 reading that stays below 92% despite multiple readings taken while you are at rest</li>\n</ul>\n<p>Click <a href=\"https://ask.gov.sg/questions/431\" target=\"_blank\">here</a>  for symptoms that do not need emergency help but may need medical attention.</p>\n",
                    "createdAt": "2021-09-28T06:34:22.000Z",
                    "updatedAt": "2021-10-08T08:28:34.000Z",
                    "userId": 31,
                    "postId": 397
                }
            ],
            "topic": {
                "name": "Close contacts of COVID Cases",
                "description": "Worried that you might have been a close contact to someone infected with COVID? Received a Health Risk Notice SMS? Here are some FAQs to help."
            }
        },
        {
            "id": 902,
            "userId": 48,
            "title": "If I have recovered from COVID-19 recently, am I exempted from HRN? ",
            "description": "",
            "createdAt": "2022-02-22T10:03:52.000Z",
            "views": 19303,
            "answerCount": 1,
            "topicId": 23,
            "agencyId": 5,
            "tags": [],
            "user": {
                "username": "ifa_alisha_wahid@moh.gov.sg"
            },
            "answers": [
                {
                    "id": 897,
                    "body": "<p>Yes, individuals who have recovered from COVID-19 within the past 90 days will be exempted from HRN, regardless of their vaccination status. If you do receive a HRN SMS within 90 days of your C+ or Ag+ result, you can disregard the HRN.</p>\n",
                    "createdAt": "2022-02-22T10:03:52.000Z",
                    "updatedAt": "2022-02-22T10:03:52.000Z",
                    "userId": 48,
                    "postId": 902
                }
            ],
            "topic": {
                "name": "Close contacts of COVID Cases",
                "description": "Worried that you might have been a close contact to someone infected with COVID? Received a Health Risk Notice SMS? Here are some FAQs to help."
            }
        },
        {
            "id": 446,
            "userId": 13,
            "title": "I received a Health Risk Notice (HRN) via SMS. Can I claim compensation for the time lost at work due to self-isolation?",
            "description": "",
            "createdAt": "2021-09-29T09:46:33.000Z",
            "views": 18158,
            "answerCount": 1,
            "topicId": 23,
            "agencyId": 5,
            "tags": [
                {
                    "tagname": "moh",
                    "description": "Ministry of Health",
                    "tagType": "AGENCY",
                    "posttag": {
                        "createdAt": "2021-10-08T18:08:30.000Z",
                        "updatedAt": "2021-10-08T18:08:30.000Z",
                        "postId": 446,
                        "tagId": 22
                    }
                },
                {
                    "tagname": "Close contacts of COVID Cases",
                    "description": "Worried that you might have been a close contact to someone infected with COVID? Received a Health Risk Warning SMS? Here are some FAQs to help.",
                    "tagType": "TOPIC",
                    "posttag": {
                        "createdAt": "2021-10-08T18:08:30.000Z",
                        "updatedAt": "2021-10-08T18:08:30.000Z",
                        "postId": 446,
                        "tagId": 23
                    }
                }
            ],
            "user": {
                "username": "alwyn.tan@open.gov.sg"
            },
            "answers": [
                {
                    "id": 441,
                    "body": "<p>There is no provision for compensation for time away from work as one can leave one’s place of residence for work as long as one has self-tested ART negative.</p>\n",
                    "createdAt": "2021-09-29T09:46:33.000Z",
                    "updatedAt": "2022-02-16T10:44:58.000Z",
                    "userId": 13,
                    "postId": 446
                }
            ],
            "topic": {
                "name": "Close contacts of COVID Cases",
                "description": "Worried that you might have been a close contact to someone infected with COVID? Received a Health Risk Notice SMS? Here are some FAQs to help."
            }
        },
        {
            "id": 843,
            "userId": 48,
            "title": "If a household member who is under HRN tests positive, will our other household members' HRN duration be extended?",
            "description": "",
            "createdAt": "2022-01-07T03:52:31.000Z",
            "views": 14532,
            "answerCount": 1,
            "topicId": 23,
            "agencyId": 5,
            "tags": [],
            "user": {
                "username": "ifa_alisha_wahid@moh.gov.sg"
            },
            "answers": [
                {
                    "id": 838,
                    "body": "<p>No, there will not be an extension of HRN for the rest of the HH members. However, the remaining household members are advised to continue monitoring their health and to minimize social interaction with members of the public/people outside their household even if these household members test ART negative.</p>\n<p>For household members under HRN who test ART positive, they should proceed to self-isolate and self-administer an ART after 72 hours.&nbsp;</p>\n<p>If your HH member who tested ART positive feels unwell or develops symptoms, he is advised to see a doctor. Should the doctor assess that your household member needs to recover at home with an MC, then a new set of HRNs will be issued to all other household members of this newly diagnosed case</p>\n",
                    "createdAt": "2022-01-07T03:52:32.000Z",
                    "updatedAt": "2022-02-16T12:48:24.000Z",
                    "userId": 48,
                    "postId": 843
                }
            ],
            "topic": {
                "name": "Close contacts of COVID Cases",
                "description": "Worried that you might have been a close contact to someone infected with COVID? Received a Health Risk Notice SMS? Here are some FAQs to help."
            }
        },
        {
            "id": 499,
            "userId": 33,
            "title": "I have been placed on Health Risk Notice (HRN). What should I do after I have completed my Antigen Rapid Test (ART) self-test?",
            "description": "",
            "createdAt": "2021-10-09T07:15:44.000Z",
            "views": 13341,
            "answerCount": 1,
            "topicId": 23,
            "agencyId": 5,
            "tags": [
                {
                    "tagname": "moh",
                    "description": "Ministry of Health",
                    "tagType": "AGENCY",
                    "posttag": {
                        "createdAt": "2021-10-11T09:19:37.000Z",
                        "updatedAt": "2021-10-11T09:19:37.000Z",
                        "postId": 499,
                        "tagId": 22
                    }
                },
                {
                    "tagname": "Close contacts of COVID Cases",
                    "description": "Worried that you might have been a close contact to someone infected with COVID? Received a Health Risk Warning SMS? Here are some FAQs to help.",
                    "tagType": "TOPIC",
                    "posttag": {
                        "createdAt": "2021-10-11T09:19:37.000Z",
                        "updatedAt": "2021-10-11T09:19:37.000Z",
                        "postId": 499,
                        "tagId": 23
                    }
                }
            ],
            "user": {
                "username": "Timothy_TAY@moh.gov.sg"
            },
            "answers": [
                {
                    "id": 494,
                    "body": "<p>You may resume your activities for that day if you test negative on your ART self-test. For the next 4 days, monitor your health and take a self-administered ART before going out each day. If you test negative on Day 5, you may resume regular activities with no further testing.</p>\n<p>Click <a href=\"https://www.covid.gov.sg/exposed/hrn\" target=\"_blank\">here</a>  for more info on what to do when you receive a Health Risk Notice.</p>\n",
                    "createdAt": "2021-10-09T07:15:45.000Z",
                    "updatedAt": "2022-02-16T11:00:48.000Z",
                    "userId": 33,
                    "postId": 499
                }
            ],
            "topic": {
                "name": "Close contacts of COVID Cases",
                "description": "Worried that you might have been a close contact to someone infected with COVID? Received a Health Risk Notice SMS? Here are some FAQs to help."
            }
        },
        {
            "id": 844,
            "userId": 48,
            "title": "I was issued an MC to recover at home & have ended my isolation*. My household member who was on HRN turned ART+, do I need to register for HRN again?",
            "description": "<p>*after getting a negative ART result</p>\n",
            "createdAt": "2022-01-07T04:09:08.000Z",
            "views": 10562,
            "answerCount": 1,
            "topicId": 23,
            "agencyId": 5,
            "tags": [],
            "user": {
                "username": "ifa_alisha_wahid@moh.gov.sg"
            },
            "answers": [
                {
                    "id": 839,
                    "body": "<p>No. As a recovered person, you will not be required to register for HRN again. However, you are advised to minimise interactions with your household member(s) during his/her recovery.</p>\n",
                    "createdAt": "2022-01-07T04:09:08.000Z",
                    "updatedAt": "2022-02-16T12:56:14.000Z",
                    "userId": 48,
                    "postId": 844
                }
            ],
            "topic": {
                "name": "Close contacts of COVID Cases",
                "description": "Worried that you might have been a close contact to someone infected with COVID? Received a Health Risk Notice SMS? Here are some FAQs to help."
            }
        },
        {
            "id": 802,
            "userId": 48,
            "title": "What will be done for persons who have been in close contact with an Omicron-infected case? ",
            "description": "",
            "createdAt": "2021-12-08T09:49:36.000Z",
            "views": 10177,
            "answerCount": 1,
            "topicId": 23,
            "agencyId": 5,
            "tags": [],
            "user": {
                "username": "ifa_alisha_wahid@moh.gov.sg"
            },
            "answers": [
                {
                    "id": 797,
                    "body": "<p>MOH will identify persons who have been in close contact with suspected or confirmed Omicron-infected cases and they will be placed on the Health Risk Notice (Protocol 3).</p>\n",
                    "createdAt": "2021-12-08T09:49:36.000Z",
                    "updatedAt": "2022-02-16T12:25:14.000Z",
                    "userId": 48,
                    "postId": 802
                }
            ],
            "topic": {
                "name": "Close contacts of COVID Cases",
                "description": "Worried that you might have been a close contact to someone infected with COVID? Received a Health Risk Notice SMS? Here are some FAQs to help."
            }
        },
        {
            "id": 826,
            "userId": 48,
            "title": "If I am a Covid-19 patient and issued a 5-day MC to recover at home, will my household members be placed on Health Risk Notice?",
            "description": "<p>Will they be allowed to withdraw ART kits from the vending machines as well?</p>\n",
            "createdAt": "2022-01-07T03:04:59.000Z",
            "views": 9609,
            "answerCount": 1,
            "topicId": 23,
            "agencyId": 5,
            "tags": [],
            "user": {
                "username": "ifa_alisha_wahid@moh.gov.sg"
            },
            "answers": [
                {
                    "id": 821,
                    "body": "<p>Yes, you will receive an SMS with a link to fill in your household contacts’ details for issuance of Health Risk Notice (HRN). You do not need to provide details of household contacts who have recovered from COVID-19 within the past 90 days, as they would be exempted from HRN due to their recent recovered status.</p>\n<p>Household contacts who have received HRN SMSes should, monitor their health for the next 5 days and self-test ART negative prior to leaving home. Household members issued HRN will be able to obtain ART kits via vending machines, if required.</p>\n",
                    "createdAt": "2022-01-07T03:04:59.000Z",
                    "updatedAt": "2022-02-23T01:36:16.000Z",
                    "userId": 48,
                    "postId": 826
                }
            ],
            "topic": {
                "name": "Close contacts of COVID Cases",
                "description": "Worried that you might have been a close contact to someone infected with COVID? Received a Health Risk Notice SMS? Here are some FAQs to help."
            }
        },
        {
            "id": 842,
            "userId": 48,
            "title": "Is it mandatory for Household (HH) members to stay at home before the Health Risk Notices are issued to them?",
            "description": "",
            "createdAt": "2022-01-07T03:51:59.000Z",
            "views": 7315,
            "answerCount": 1,
            "topicId": 23,
            "agencyId": 5,
            "tags": [],
            "user": {
                "username": "ifa_alisha_wahid@moh.gov.sg"
            },
            "answers": [
                {
                    "id": 837,
                    "body": "<p>Yes, it is your social responsibility to curb the spread of infection by minimising movement in the community and stay at home.</p>\n<p>Household members are advised to self-administer an ART test and ensure the result is negative before leaving home.</p>\n",
                    "createdAt": "2022-01-07T03:52:00.000Z",
                    "updatedAt": "2022-02-21T07:09:22.000Z",
                    "userId": 48,
                    "postId": 842
                }
            ],
            "topic": {
                "name": "Close contacts of COVID Cases",
                "description": "Worried that you might have been a close contact to someone infected with COVID? Received a Health Risk Notice SMS? Here are some FAQs to help."
            }
        },
        {
            "id": 889,
            "userId": 48,
            "title": "I/My child has received multiple Health Risk Notice (HRN) notifications within a short period, what should I do?",
            "description": "",
            "createdAt": "2022-01-27T08:11:11.000Z",
            "views": 6246,
            "answerCount": 1,
            "topicId": 23,
            "agencyId": 5,
            "tags": [],
            "user": {
                "username": "ifa_alisha_wahid@moh.gov.sg"
            },
            "answers": [
                {
                    "id": 884,
                    "body": "<p>You/your child could have been <a href=\"https://ask.gov.sg/questions/473\" target=\"_blank\">identified as a close contact</a>  of more than one confirmed case on different days and therefore has received more than one HRN notifications. For your/your child’s safety, please follow the latest HRN notification and its end date.</p>\n",
                    "createdAt": "2022-01-27T08:11:11.000Z",
                    "updatedAt": "2022-02-16T12:58:00.000Z",
                    "userId": 48,
                    "postId": 889
                }
            ],
            "topic": {
                "name": "Close contacts of COVID Cases",
                "description": "Worried that you might have been a close contact to someone infected with COVID? Received a Health Risk Notice SMS? Here are some FAQs to help."
            }
        },
        {
            "id": 890,
            "userId": 48,
            "title": "My child was not in school for the past few days, why is he/she receiving a Health Risk Notice (HRN)?",
            "description": "",
            "createdAt": "2022-01-27T08:14:11.000Z",
            "views": 4451,
            "answerCount": 1,
            "topicId": 23,
            "agencyId": 5,
            "tags": [],
            "user": {
                "username": "ifa_alisha_wahid@moh.gov.sg"
            },
            "answers": [
                {
                    "id": 885,
                    "body": "<p>Your child may have received a HRN as he/she has been <a href=\"https://ask.gov.sg/questions/473\" target=\"_blank\">identified as a close contact</a>  of a confirmed case outside of school. For more information on COVID-19 related matters in schools, please refer to this set of <a href=\"https://www.moe.gov.sg/faqs-covid-19-infection\" target=\"_blank\">FAQs</a> .</p>\n",
                    "createdAt": "2022-01-27T08:14:11.000Z",
                    "updatedAt": "2022-02-16T12:59:03.000Z",
                    "userId": 48,
                    "postId": 890
                }
            ],
            "topic": {
                "name": "Close contacts of COVID Cases",
                "description": "Worried that you might have been a close contact to someone infected with COVID? Received a Health Risk Notice SMS? Here are some FAQs to help."
            }
        },
        {
            "id": 471,
            "userId": 13,
            "title": "My friend sent me a message to avoid a certain location as there has been a suspected case reported. Should I be concerned?",
            "description": "",
            "createdAt": "2021-09-29T10:24:13.000Z",
            "views": 4094,
            "answerCount": 1,
            "topicId": 23,
            "agencyId": 5,
            "tags": [
                {
                    "tagname": "moh",
                    "description": "Ministry of Health",
                    "tagType": "AGENCY",
                    "posttag": {
                        "createdAt": "2021-10-11T08:39:48.000Z",
                        "updatedAt": "2021-10-11T08:39:48.000Z",
                        "postId": 471,
                        "tagId": 22
                    }
                },
                {
                    "tagname": "Close contacts of COVID Cases",
                    "description": "Worried that you might have been a close contact to someone infected with COVID? Received a Health Risk Warning SMS? Here are some FAQs to help.",
                    "tagType": "TOPIC",
                    "posttag": {
                        "createdAt": "2021-10-11T08:39:48.000Z",
                        "updatedAt": "2021-10-11T08:39:48.000Z",
                        "postId": 471,
                        "tagId": 23
                    }
                }
            ],
            "user": {
                "username": "alwyn.tan@open.gov.sg"
            },
            "answers": [
                {
                    "id": 466,
                    "body": "<p>You don't need to avoid places where suspected or confirmed cases of COVID-19 have been. There is a low risk of infection from transient contact, e.g. passing by an infected person briefly. You are advised to put on a face mask when in public areas, and adopt good personal hygiene practices, such as washing your hands frequently with soap.</p>\n<p>NEA has been assisting with support to residents and owners of premises, to ensure that these areas are cleaned and disinfected. Sanitation and hygiene advisories have been issued to premises and facilities with high public access like hotels, commercial buildings and F&amp;B outlets, including hawker centres.&nbsp;</p>\n<p>Please click <a href=\"https://www.nea.gov.sg/our-services/public-cleanliness/environmental-cleaning-guidelines\" target=\"_blank\">here</a>  for guidelines on environmental cleaning and disinfection of COVID-19 in non-healthcare premises and in residences.</p>\n",
                    "createdAt": "2021-09-29T10:24:13.000Z",
                    "updatedAt": "2021-10-11T08:39:48.000Z",
                    "userId": 13,
                    "postId": 471
                }
            ],
            "topic": {
                "name": "Close contacts of COVID Cases",
                "description": "Worried that you might have been a close contact to someone infected with COVID? Received a Health Risk Notice SMS? Here are some FAQs to help."
            }
        },
        {
            "id": 903,
            "userId": 48,
            "title": "If I have self-tested Ag+, can I be exempted from HRN?",
            "description": "",
            "createdAt": "2022-02-22T10:04:29.000Z",
            "views": 3964,
            "answerCount": 1,
            "topicId": 23,
            "agencyId": 5,
            "tags": [],
            "user": {
                "username": "ifa_alisha_wahid@moh.gov.sg"
            },
            "answers": [
                {
                    "id": 898,
                    "body": "<p>Yes, individuals can disregard the HRN SMS if they receive it within 90 days of their self-tested Ag+ result.</p>\n",
                    "createdAt": "2022-02-22T10:04:29.000Z",
                    "updatedAt": "2022-02-22T10:04:29.000Z",
                    "userId": 48,
                    "postId": 903
                }
            ],
            "topic": {
                "name": "Close contacts of COVID Cases",
                "description": "Worried that you might have been a close contact to someone infected with COVID? Received a Health Risk Notice SMS? Here are some FAQs to help."
            }
        },
        {
            "id": 803,
            "userId": 33,
            "title": "I’m a traveller in Singapore, can I be served Health Risk Notice (HRNs)? How will I be notified? What do I need to do?",
            "description": "",
            "createdAt": "2021-12-10T14:48:37.000Z",
            "views": 3050,
            "answerCount": 1,
            "topicId": 23,
            "agencyId": 5,
            "tags": [],
            "user": {
                "username": "Timothy_TAY@moh.gov.sg"
            },
            "answers": [
                {
                    "id": 798,
                    "body": "<p>Travellers may be served Health Risk Notices (HRNs) based on their TraceTogether history, and declared close contacts (e.g. household members, roommates in the case of hotels) of COVID-19 cases.</p>\n<p>Upon receiving the HRN, travellers should return to their hotel rooms immediately and purchase Antigen Rapid Test (ART) kits preferably through contactless means (e.g. via online stores, delivery apps, or from the hotel) or from pharmacies/drugstores around Singapore.</p>\n<p>In line with <a href=\"https://www.covid.gov.sg/exposed/hrn\" target=\"_blank\">Protocol 3</a> , they should only leave their hotel rooms if their ART test results are negative.&nbsp;</p>\n",
                    "createdAt": "2021-12-10T14:48:37.000Z",
                    "updatedAt": "2022-02-16T13:06:52.000Z",
                    "userId": 33,
                    "postId": 803
                }
            ],
            "topic": {
                "name": "Close contacts of COVID Cases",
                "description": "Worried that you might have been a close contact to someone infected with COVID? Received a Health Risk Notice SMS? Here are some FAQs to help."
            }
        }
    ],
    "totalItems": 31
}