{
    "posts": [
        {
            "id": 908,
            "userId": 48,
            "title": "I am a dialysis patient. I received a Health Risk Notice (HRN) via SMS. Can I go for my dialysis session?",
            "description": "",
            "createdAt": "2022-03-02T00:46:02.000Z",
            "views": 576,
            "answerCount": 1,
            "topicId": 23,
            "agencyId": 5,
            "tags": [],
            "user": {
                "username": "ifa_alisha_wahid@moh.gov.sg"
            },
            "answers": [
                {
                    "id": 903,
                    "body": "<p>You should follow the prevailing guidance for HRN during the 5-day HRN period i.e. take an ART self-test within 24 hours and continue with normal activities for the day if the test result is negative.</p>\n<p>Please also continue to attend your dialysis session in your usual renal dialysis centre, and submit your ART test a day before your scheduled dialysis session.</p>\n",
                    "createdAt": "2022-03-02T00:46:02.000Z",
                    "updatedAt": "2022-03-02T00:46:23.000Z",
                    "userId": 48,
                    "postId": 908
                }
            ],
            "topic": {
                "name": "Close contacts of COVID Cases",
                "description": "Worried that you might have been a close contact to someone infected with COVID? Received a Health Risk Notice SMS? Here are some FAQs to help."
            }
        }
    ],
    "totalItems": 31
}