{
    "posts": [
        {
            "id": 512,
            "userId": 33,
            "title": "I have tested positive on my Antigen Rapid Test (ART) self-test. Do I need to report my results to MOH?",
            "description": "",
            "createdAt": "2021-10-14T14:12:02.000Z",
            "views": 1498002,
            "answerCount": 1,
            "topicId": 34,
            "agencyId": 5,
            "tags": [
                {
                    "tagname": "moh",
                    "description": "Ministry of Health",
                    "tagType": "AGENCY",
                    "posttag": {
                        "createdAt": "2021-10-22T08:49:19.000Z",
                        "updatedAt": "2021-10-22T08:49:19.000Z",
                        "postId": 512,
                        "tagId": 22
                    }
                },
                {
                    "tagname": "I am well but tested positive",
                    "description": "You're feeling well, but have tested positive for COVID-19. Your top questions answered below.\n",
                    "tagType": "TOPIC",
                    "posttag": {
                        "createdAt": "2021-10-22T08:49:19.000Z",
                        "updatedAt": "2021-10-22T08:49:19.000Z",
                        "postId": 512,
                        "tagId": 34
                    }
                }
            ],
            "user": {
                "username": "Timothy_TAY@moh.gov.sg"
            },
            "answers": [
                {
                    "id": 507,
                    "body": "<p>If you test positive on an Antigen Rapid Test (ART) self-test but are well, you do not need to report your results. Click <a href=\"https://www.covid.gov.sg/well-and-positive-or-condition-assessed-mild-by-doctor\" target=\"_blank\">here</a>  for what to do next.</p>\n<p>If you become unwell at any time — e.g. with symptoms such as fever, cough, sore throat — see a <a href=\"http://phpc.gov.sg\" target=\"_blank\">doctor</a>.</p>\n",
                    "createdAt": "2021-10-14T14:12:02.000Z",
                    "updatedAt": "2022-01-07T12:46:17.000Z",
                    "userId": 33,
                    "postId": 512
                }
            ],
            "topic": {
                "name": "I am well or assessed mild",
                "description": "You're feeling well, but have tested positive for COVID-19, or you have been assessed by a doctor to be low-risk with mild symptoms. Your top questions answered below. "
            }
        },
        {
            "id": 401,
            "userId": 30,
            "title": "I have tested positive for COVID-19 but have no symptoms. Do I need to go to a clinic to take a PCR test?",
            "description": "",
            "createdAt": "2021-09-28T06:49:51.000Z",
            "views": 902484,
            "answerCount": 1,
            "topicId": 34,
            "agencyId": 5,
            "tags": [
                {
                    "tagname": "moh",
                    "description": "Ministry of Health",
                    "tagType": "AGENCY",
                    "posttag": {
                        "createdAt": "2021-10-21T05:59:58.000Z",
                        "updatedAt": "2021-10-21T05:59:58.000Z",
                        "postId": 401,
                        "tagId": 22
                    }
                },
                {
                    "tagname": "I am well but tested positive",
                    "description": "You're feeling well, but have tested positive for COVID-19. Your top questions answered below.\n",
                    "tagType": "TOPIC",
                    "posttag": {
                        "createdAt": "2021-10-21T05:59:58.000Z",
                        "updatedAt": "2021-10-21T05:59:58.000Z",
                        "postId": 401,
                        "tagId": 34
                    }
                }
            ],
            "user": {
                "username": "keewei@open.gov.sg"
            },
            "answers": [
                {
                    "id": 396,
                    "body": "<p>If you have tested positive for COVID-19, but have no symptoms, i.e. you are well, you do not need to go to a clinic to take a test. You are to self-isolate for at least 72 hours from your positive test result.</p>\n<p>Thereafter, You may exit self-isolation (a) if you test negative on an ART self-administered, or (b) on Day 7 (if fully vaccinated or below 12 years old) or Day 14 (if unvaccinated/partially vaccinated and aged 12 and above) without a need to test, whichever is earlier.  Days are counted starting with the day you first tested positive as Day 1.</p>\n<p>Click <a href=\"https://www.covid.gov.sg/well-and-positive-or-condition-assessed-mild-by-doctor\" target=\"_blank\">here</a> to find out what to do next.</p>\n",
                    "createdAt": "2021-09-28T06:49:51.000Z",
                    "updatedAt": "2022-02-16T11:41:05.000Z",
                    "userId": 30,
                    "postId": 401
                }
            ],
            "topic": {
                "name": "I am well or assessed mild",
                "description": "You're feeling well, but have tested positive for COVID-19, or you have been assessed by a doctor to be low-risk with mild symptoms. Your top questions answered below. "
            }
        },
        {
            "id": 400,
            "userId": 30,
            "title": "My employer wants me to report to work as I have tested positive for COVID-19 but am well. What should I do?",
            "description": "",
            "createdAt": "2021-09-28T06:46:18.000Z",
            "views": 431492,
            "answerCount": 1,
            "topicId": 34,
            "agencyId": 5,
            "tags": [
                {
                    "tagname": "moh",
                    "description": "Ministry of Health",
                    "tagType": "AGENCY",
                    "posttag": {
                        "createdAt": "2021-10-11T08:51:33.000Z",
                        "updatedAt": "2021-10-11T08:51:33.000Z",
                        "postId": 400,
                        "tagId": 22
                    }
                },
                {
                    "tagname": "I am well but tested positive",
                    "description": "You're feeling well, but have tested positive for COVID-19. Your top questions answered below.\n",
                    "tagType": "TOPIC",
                    "posttag": {
                        "createdAt": "2021-10-11T08:51:33.000Z",
                        "updatedAt": "2021-10-11T08:51:33.000Z",
                        "postId": 400,
                        "tagId": 34
                    }
                }
            ],
            "user": {
                "username": "keewei@open.gov.sg"
            },
            "answers": [
                {
                    "id": 395,
                    "body": "<p>If you test positive for COVID-19, you must self-isolate for at least 72 hours and work from home even if you are physically well.</p>\n<p>Click <a href=\"https://www.covid.gov.sg/well-and-positive-or-condition-assessed-mild-by-doctor\" target=\"_blank\">here</a>  to find out what to do if you are well but test positive for COVID-19.</p>\n<p>If working from home is not possible, your employer should treat the period of absence as paid sick leave – either paid outpatient sick leave or paid hospitalisation leave, without requiring a medical certificate.</p>\n<p>You should not be asked to take no-pay leave for the period of self-isolation. You may return to the workplace when you get a negative ART result after 72 hours.</p>\n<p>You may refer to MOM's advisory <a href=\"https://www.mom.gov.sg/covid-19/advisory-on-work-and-leave-arrangements-for-employees-who-test-art-positive-but-are-physically-well\" target=\"_blank\">here</a> .</p>\n",
                    "createdAt": "2021-09-28T06:46:18.000Z",
                    "updatedAt": "2022-01-07T12:46:56.000Z",
                    "userId": 30,
                    "postId": 400
                }
            ],
            "topic": {
                "name": "I am well or assessed mild",
                "description": "You're feeling well, but have tested positive for COVID-19, or you have been assessed by a doctor to be low-risk with mild symptoms. Your top questions answered below. "
            }
        },
        {
            "id": 487,
            "userId": 32,
            "title": "I am well but I have tested positive for COVID-19. What should I do?",
            "description": "",
            "createdAt": "2021-10-02T07:50:42.000Z",
            "views": 207134,
            "answerCount": 1,
            "topicId": 34,
            "agencyId": 5,
            "tags": [
                {
                    "tagname": "moh",
                    "description": "Ministry of Health",
                    "tagType": "AGENCY",
                    "posttag": {
                        "createdAt": "2021-10-22T08:48:23.000Z",
                        "updatedAt": "2021-10-22T08:48:23.000Z",
                        "postId": 487,
                        "tagId": 22
                    }
                },
                {
                    "tagname": "I am well but tested positive",
                    "description": "You're feeling well, but have tested positive for COVID-19. Your top questions answered below.\n",
                    "tagType": "TOPIC",
                    "posttag": {
                        "createdAt": "2021-10-22T08:48:23.000Z",
                        "updatedAt": "2021-10-22T08:48:23.000Z",
                        "postId": 487,
                        "tagId": 34
                    }
                }
            ],
            "user": {
                "username": "alexis@open.gov.sg"
            },
            "answers": [
                {
                    "id": 482,
                    "body": "<p>Self-isolate at home for the next 72 hours.</p>\n<p>Thereafter, take another test:</p>\n<ul>\n<li>If you test negative: You may end your isolation and resume normal activities.</li>\n</ul>\n<p>If you are unwell, e.g. with symptoms such as fever, cough, sore throat, see a <a href=\"http://phpc.gov.sg\" target=\"_blank\">doctor</a> .</p>\n<p>Click <a href=\"https://www.covid.gov.sg/well-and-positive-or-condition-assessed-mild-by-doctor\" target=\"_blank\">here</a> for more information on what to do when you are well but have tested positive for COVID-19.</p>\n",
                    "createdAt": "2021-10-02T07:50:42.000Z",
                    "updatedAt": "2022-02-16T11:54:35.000Z",
                    "userId": 32,
                    "postId": 487
                }
            ],
            "topic": {
                "name": "I am well or assessed mild",
                "description": "You're feeling well, but have tested positive for COVID-19, or you have been assessed by a doctor to be low-risk with mild symptoms. Your top questions answered below. "
            }
        },
        {
            "id": 834,
            "userId": 48,
            "title": "I have tested ART negative, but I still feel unwell. Can I leave my home after my negative ART or do I have to wait for isolation to end?",
            "description": "",
            "createdAt": "2022-01-07T03:26:23.000Z",
            "views": 38948,
            "answerCount": 1,
            "topicId": 34,
            "agencyId": 5,
            "tags": [],
            "user": {
                "username": "ifa_alisha_wahid@moh.gov.sg"
            },
            "answers": [
                {
                    "id": 829,
                    "body": "<p>You can exit isolation and leave your home if you test ART negative after 72 hours.</p>\n<p>However, if your symptoms worsen or do not improve with time, you are advised to visit the doctor you had originally consulted to seek further medical attention, even if your ART is negative. We strongly recommend that you minimise social interaction while feeling unwell, as part of being socially responsible.</p>\n",
                    "createdAt": "2022-01-07T03:26:24.000Z",
                    "updatedAt": "2022-02-16T12:41:40.000Z",
                    "userId": 48,
                    "postId": 834
                }
            ],
            "topic": {
                "name": "I am well or assessed mild",
                "description": "You're feeling well, but have tested positive for COVID-19, or you have been assessed by a doctor to be low-risk with mild symptoms. Your top questions answered below. "
            }
        },
        {
            "id": 569,
            "userId": 33,
            "title": "I tested positive but was informed by MOH that I am considered not infectious. Does this mean that I can resume normal activities?",
            "description": "",
            "createdAt": "2021-11-16T08:41:48.000Z",
            "views": 31829,
            "answerCount": 1,
            "topicId": 34,
            "agencyId": 5,
            "tags": [],
            "user": {
                "username": "Timothy_TAY@moh.gov.sg"
            },
            "answers": [
                {
                    "id": 564,
                    "body": "<p>If you have previously been infected with COVID-19, you may continue to shed non-infectious parts of the virus intermittently, even after you have recovered. As a result, you may occasionally test positive on a Polymerase Chain Reaction (PCR) test, but with very low viral counts.</p>\n<p>COVID-19 patients may be assessed and considered non-infectious after taking into account:</p>\n<p>i) Presence of symptoms;</p>\n<p>ii) Viral load counts (Cycle-threshold values) of PCR tests;</p>\n<p>iii) Serology test results;</p>\n<p>iv) Vaccination status; and if applicable,</p>\n<p>iv) Completion of Stay Home Notice.</p>\n<p>Once informed that they are non-infectious by MOH, they may resume normal activities.</p>\n",
                    "createdAt": "2021-11-16T08:41:48.000Z",
                    "updatedAt": "2021-11-16T08:41:48.000Z",
                    "userId": 33,
                    "postId": 569
                }
            ],
            "topic": {
                "name": "I am well or assessed mild",
                "description": "You're feeling well, but have tested positive for COVID-19, or you have been assessed by a doctor to be low-risk with mild symptoms. Your top questions answered below. "
            }
        },
        {
            "id": 825,
            "userId": 48,
            "title": "How can I be sure that I am no longer infectious when I exit self-isolation?",
            "description": "",
            "createdAt": "2022-01-07T03:03:56.000Z",
            "views": 30546,
            "answerCount": 1,
            "topicId": 34,
            "agencyId": 5,
            "tags": [],
            "user": {
                "username": "ifa_alisha_wahid@moh.gov.sg"
            },
            "answers": [
                {
                    "id": 820,
                    "body": "<p>If you are well and test positive, or your condition has been assessed by a doctor to be mild, you will be able to self-administer an ART test after 72 hours and exit self-isolation if you test negative.</p>\n<p>ART tests can detect patients with high viral loads.  Those who tested ART negative are most likely to be non-infectious, hence if you tested ART negative you can exit self-isolation.</p>\n",
                    "createdAt": "2022-01-07T03:03:56.000Z",
                    "updatedAt": "2022-02-16T12:37:13.000Z",
                    "userId": 48,
                    "postId": 825
                }
            ],
            "topic": {
                "name": "I am well or assessed mild",
                "description": "You're feeling well, but have tested positive for COVID-19, or you have been assessed by a doctor to be low-risk with mild symptoms. Your top questions answered below. "
            }
        },
        {
            "id": 566,
            "userId": 33,
            "title": "Do I need to get an MC for work if I test ART positive?",
            "description": "",
            "createdAt": "2021-11-16T08:36:44.000Z",
            "views": 23467,
            "answerCount": 1,
            "topicId": 34,
            "agencyId": 5,
            "tags": [],
            "user": {
                "username": "Timothy_TAY@moh.gov.sg"
            },
            "answers": [
                {
                    "id": 561,
                    "body": "<p>Employees should immediately inform their employer when they test positive on ART and begin their self-isolation at home. There is no need to go to a doctor to get tested unless the employee is feeling unwell.</p>\n<p>Employers should not ask ART-positive but physically well employees to report to the workplace. Such employees should be allowed to work from home if they are able to do so.</p>\n<p>If working from home is not possible, employers should treat the period of absence as paid sick leave – either paid outpatient sick leave or paid hospitalisation leave, without requiring a medical certificate.&nbsp;</p>\n<p>Employees should not be asked to take no-pay leave for the period of self-isolation.</p>\n<p>Employees may return to the workplace when they get a negative ART result after 72 hours.</p>\n",
                    "createdAt": "2021-11-16T08:36:44.000Z",
                    "updatedAt": "2021-11-25T03:10:10.000Z",
                    "userId": 33,
                    "postId": 566
                }
            ],
            "topic": {
                "name": "I am well or assessed mild",
                "description": "You're feeling well, but have tested positive for COVID-19, or you have been assessed by a doctor to be low-risk with mild symptoms. Your top questions answered below. "
            }
        },
        {
            "id": 830,
            "userId": 48,
            "title": "After the first 72-hours of self-isolation, how often do I need to take an Antigen Rapid Test (ART)?",
            "description": "",
            "createdAt": "2022-01-07T03:08:52.000Z",
            "views": 21742,
            "answerCount": 1,
            "topicId": 34,
            "agencyId": 5,
            "tags": [],
            "user": {
                "username": "ifa_alisha_wahid@moh.gov.sg"
            },
            "answers": [
                {
                    "id": 825,
                    "body": "<p>You are not required but encouraged to take an Antigen Rapid Test (ART) daily to monitor your condition.&nbsp;</p>\n<p>However, you may only exit self-isolation and leave home to resume your normal activities if you test negative on a self-administrated ART.</p>\n",
                    "createdAt": "2022-01-07T03:08:52.000Z",
                    "updatedAt": "2022-02-16T12:39:59.000Z",
                    "userId": 48,
                    "postId": 830
                }
            ],
            "topic": {
                "name": "I am well or assessed mild",
                "description": "You're feeling well, but have tested positive for COVID-19, or you have been assessed by a doctor to be low-risk with mild symptoms. Your top questions answered below. "
            }
        },
        {
            "id": 835,
            "userId": 48,
            "title": "I was given a 5-day MC to recover. I feel well and no longer have any symptoms.  Can I go back to work? Do I need my doctor to shorten my MC duration?",
            "description": "",
            "createdAt": "2022-01-07T03:31:17.000Z",
            "views": 19272,
            "answerCount": 1,
            "topicId": 34,
            "agencyId": 5,
            "tags": [],
            "user": {
                "username": "ifa_alisha_wahid@moh.gov.sg"
            },
            "answers": [
                {
                    "id": 830,
                    "body": "<p>You can resume normal activities if your self-administered ART result (after 72 hours) is negative.&nbsp;&nbsp;</p>\n<p>There is no need to change your MC as you are allowed to return back to work even before your MC ends, as long as you have a negative ART result after 72 hours.</p>\n",
                    "createdAt": "2022-01-07T03:31:17.000Z",
                    "updatedAt": "2022-01-21T09:58:47.000Z",
                    "userId": 48,
                    "postId": 835
                }
            ],
            "topic": {
                "name": "I am well or assessed mild",
                "description": "You're feeling well, but have tested positive for COVID-19, or you have been assessed by a doctor to be low-risk with mild symptoms. Your top questions answered below. "
            }
        },
        {
            "id": 840,
            "userId": 48,
            "title": "I was issued an MC to recover at home. My employer requires a negative result or a recovery memo before I can return to work. What should I do?",
            "description": "",
            "createdAt": "2022-01-07T03:42:25.000Z",
            "views": 16789,
            "answerCount": 1,
            "topicId": 34,
            "agencyId": 5,
            "tags": [],
            "user": {
                "username": "ifa_alisha_wahid@moh.gov.sg"
            },
            "answers": [
                {
                    "id": 835,
                    "body": "<p>With effect from 21 Jan 2022, if you are on Home Recovery Programme (HRP), there should be no need for a recovery memo. You can show your ART- result to your employer or school as proof of your recovery status after at least 72 hours. Schools and employers are to recognise it.&nbsp;</p>\n<p>You may exit self-isolation (a) if you test negative on an ART self-administered, or (b) on Day 7 (if fully vaccinated or below 12 years old) or Day 14 (if unvaccinated/partially vaccinated and aged 12 and above) without a need to test, whichever is earlier.  Days are counted starting with the day you first tested positive as Day 1.</p>\n<p>Any additional swabs will be borne by the person who requests for it.&nbsp;</p>\n",
                    "createdAt": "2022-01-07T03:42:25.000Z",
                    "updatedAt": "2022-02-16T12:46:51.000Z",
                    "userId": 48,
                    "postId": 840
                }
            ],
            "topic": {
                "name": "I am well or assessed mild",
                "description": "You're feeling well, but have tested positive for COVID-19, or you have been assessed by a doctor to be low-risk with mild symptoms. Your top questions answered below. "
            }
        },
        {
            "id": 839,
            "userId": 48,
            "title": "I have been given an MC to recover at home. Can I collect free ART kits, and do I need to upload ART results daily?",
            "description": "",
            "createdAt": "2022-01-07T03:36:43.000Z",
            "views": 15934,
            "answerCount": 1,
            "topicId": 34,
            "agencyId": 5,
            "tags": [],
            "user": {
                "username": "ifa_alisha_wahid@moh.gov.sg"
            },
            "answers": [
                {
                    "id": 834,
                    "body": "<p>You will receive an SMS from MOH and will be eligible to collect ART kits from vending machines located island-wide. Each person can withdraw a pack of 3 kits.</p>\n<p>We recommend getting a friend/relative to help collect your ART kits on your behalf, if possible.</p>\n<p>If you are tested positive and recovering at home, you do not need to upload your ART test results.</p>\n<p>If you are a close contact to a COVID-19 case and receive a Health Risk Notice (HRN) SMS, you must take an Antigen Rapid Test (ART) self-test.</p>\n",
                    "createdAt": "2022-01-07T03:36:44.000Z",
                    "updatedAt": "2022-02-16T12:45:18.000Z",
                    "userId": 48,
                    "postId": 839
                }
            ],
            "topic": {
                "name": "I am well or assessed mild",
                "description": "You're feeling well, but have tested positive for COVID-19, or you have been assessed by a doctor to be low-risk with mild symptoms. Your top questions answered below. "
            }
        },
        {
            "id": 831,
            "userId": 48,
            "title": "I have been issued a 5-day MC. If I still test ART positive after 5 days,  will my doctor give me additional MC? ",
            "description": "",
            "createdAt": "2022-01-07T03:21:18.000Z",
            "views": 15312,
            "answerCount": 1,
            "topicId": 34,
            "agencyId": 5,
            "tags": [],
            "user": {
                "username": "ifa_alisha_wahid@moh.gov.sg"
            },
            "answers": [
                {
                    "id": 826,
                    "body": "<p>If you are still feeling unwell on the 5th day of your MC and require an extension, please consult your doctor.</p>\n",
                    "createdAt": "2022-01-07T03:21:18.000Z",
                    "updatedAt": "2022-01-07T03:21:18.000Z",
                    "userId": 48,
                    "postId": 831
                }
            ],
            "topic": {
                "name": "I am well or assessed mild",
                "description": "You're feeling well, but have tested positive for COVID-19, or you have been assessed by a doctor to be low-risk with mild symptoms. Your top questions answered below. "
            }
        },
        {
            "id": 833,
            "userId": 48,
            "title": "If I was given an MC to recover at home, will I be recognised as a recovered COVID-19 case?",
            "description": "",
            "createdAt": "2022-01-07T03:23:42.000Z",
            "views": 13536,
            "answerCount": 1,
            "topicId": 34,
            "agencyId": 5,
            "tags": [],
            "user": {
                "username": "ifa_alisha_wahid@moh.gov.sg"
            },
            "answers": [
                {
                    "id": 828,
                    "body": "<p>Yes. If you had a positive ART test and your doctor had given you an MC to recover at home, your doctor will register your results. You will be accorded recovered status for purpose of exemptions from Rostered Routine Testing (RRT) and eligibility for Vaccination-Differentiated Safe Management Measures (VDS) upon being fully vaccinated.</p>\n<p>For recovered persons who have not completed their primary series vaccination regime, they will not be exempted from RRT and will only be eligible for 180 days to enter settings with VDS.</p>\n",
                    "createdAt": "2022-01-07T03:23:43.000Z",
                    "updatedAt": "2022-02-22T10:02:26.000Z",
                    "userId": 48,
                    "postId": 833
                }
            ],
            "topic": {
                "name": "I am well or assessed mild",
                "description": "You're feeling well, but have tested positive for COVID-19, or you have been assessed by a doctor to be low-risk with mild symptoms. Your top questions answered below. "
            }
        },
        {
            "id": 568,
            "userId": 33,
            "title": "I’ve just tested positive. Can I isolate with my household member who is also positive?",
            "description": "",
            "createdAt": "2021-11-16T08:38:58.000Z",
            "views": 13483,
            "answerCount": 1,
            "topicId": 34,
            "agencyId": 5,
            "tags": [],
            "user": {
                "username": "Timothy_TAY@moh.gov.sg"
            },
            "answers": [
                {
                    "id": 563,
                    "body": "<p>Yes, you may self-isolate with your household member in the same residence.</p>\n<p>You should have your own isolation room in the residence. Refrain from contact with each other.</p>\n<p>You should follow the protocols based on your respective conditions.</p>\n",
                    "createdAt": "2021-11-16T08:38:58.000Z",
                    "updatedAt": "2022-02-16T12:24:11.000Z",
                    "userId": 33,
                    "postId": 568
                }
            ],
            "topic": {
                "name": "I am well or assessed mild",
                "description": "You're feeling well, but have tested positive for COVID-19, or you have been assessed by a doctor to be low-risk with mild symptoms. Your top questions answered below. "
            }
        },
        {
            "id": 841,
            "userId": 48,
            "title": "I was given an MC to recover at home, but I need to travel. As a discharge memo is not provided, how do I certify that I have recovered from COVID-19?",
            "description": "",
            "createdAt": "2022-01-07T03:50:17.000Z",
            "views": 12756,
            "answerCount": 1,
            "topicId": 34,
            "agencyId": 5,
            "tags": [],
            "user": {
                "username": "ifa_alisha_wahid@moh.gov.sg"
            },
            "answers": [
                {
                    "id": 836,
                    "body": "<p>Check the rules and regulations of the host country and what may be required. If a discharge memo is required, please get this from your doctor.</p>\n",
                    "createdAt": "2022-01-07T03:50:17.000Z",
                    "updatedAt": "2022-01-07T03:50:17.000Z",
                    "userId": 48,
                    "postId": 841
                }
            ],
            "topic": {
                "name": "I am well or assessed mild",
                "description": "You're feeling well, but have tested positive for COVID-19, or you have been assessed by a doctor to be low-risk with mild symptoms. Your top questions answered below. "
            }
        },
        {
            "id": 829,
            "userId": 48,
            "title": "If I have been issued an MC to recover at home, can I go out and buy food?",
            "description": "",
            "createdAt": "2022-01-07T03:07:55.000Z",
            "views": 12571,
            "answerCount": 1,
            "topicId": 34,
            "agencyId": 5,
            "tags": [],
            "user": {
                "username": "ifa_alisha_wahid@moh.gov.sg"
            },
            "answers": [
                {
                    "id": 824,
                    "body": "<p>You should either order in food deliveries and/or seek the help of friends/relatives, as far as possible.  However, in the event no such help or delivery services are accessible, you can leave their home for such essential activities. Avoid crowded areas, minimize social interactions and take-away your food for home consumption (do not dine-in).</p>\n<p>When travelling, walk or use your own vehicle and avoid public transport. If transport is necessary, use a taxi or private hire car, sit at the back with your mask on and leave the car windows open.&nbsp;</p>\n",
                    "createdAt": "2022-01-07T03:07:55.000Z",
                    "updatedAt": "2022-01-07T03:07:55.000Z",
                    "userId": 48,
                    "postId": 829
                }
            ],
            "topic": {
                "name": "I am well or assessed mild",
                "description": "You're feeling well, but have tested positive for COVID-19, or you have been assessed by a doctor to be low-risk with mild symptoms. Your top questions answered below. "
            }
        },
        {
            "id": 824,
            "userId": 48,
            "title": "I received a 5-day MC from my doctor, does this mean I cannot go out/ can I leave the house?",
            "description": "",
            "createdAt": "2022-01-07T03:03:12.000Z",
            "views": 11553,
            "answerCount": 1,
            "topicId": 34,
            "agencyId": 5,
            "tags": [],
            "user": {
                "username": "ifa_alisha_wahid@moh.gov.sg"
            },
            "answers": [
                {
                    "id": 819,
                    "body": "<p>You are encouraged to rest and self-isolate at home and you should only leave your house only when you need to seek medical attention, or to buy food or groceries.</p>\n<p>If your symptoms worsen or do not improve with time, please go back to see your doctor.</p>\n",
                    "createdAt": "2022-01-07T03:03:12.000Z",
                    "updatedAt": "2022-01-18T01:48:13.000Z",
                    "userId": 48,
                    "postId": 824
                }
            ],
            "topic": {
                "name": "I am well or assessed mild",
                "description": "You're feeling well, but have tested positive for COVID-19, or you have been assessed by a doctor to be low-risk with mild symptoms. Your top questions answered below. "
            }
        },
        {
            "id": 571,
            "userId": 33,
            "title": "I am asymptomatic but tested ART-positive. I took a PCR test and have now tested positive for COVID-19 (C+). When is the start of my isolation?",
            "description": "",
            "createdAt": "2021-11-19T09:05:43.000Z",
            "views": 10661,
            "answerCount": 1,
            "topicId": 34,
            "agencyId": 5,
            "tags": [],
            "user": {
                "username": "Timothy_TAY@moh.gov.sg"
            },
            "answers": [
                {
                    "id": 566,
                    "body": "<p>The isolation starts from the date of the first positive Polymerase Chain Reaction (PCR) and/ or Antigen Rapid Test (ART) result.&nbsp;</p>\n",
                    "createdAt": "2021-11-19T09:05:43.000Z",
                    "updatedAt": "2022-02-15T03:19:02.000Z",
                    "userId": 33,
                    "postId": 571
                }
            ],
            "topic": {
                "name": "I am well or assessed mild",
                "description": "You're feeling well, but have tested positive for COVID-19, or you have been assessed by a doctor to be low-risk with mild symptoms. Your top questions answered below. "
            }
        },
        {
            "id": 838,
            "userId": 48,
            "title": "Do I have to go to a clinic for any ART or PCR test before I exit self-isolation?",
            "description": "",
            "createdAt": "2022-01-07T03:35:16.000Z",
            "views": 10470,
            "answerCount": 1,
            "topicId": 34,
            "agencyId": 5,
            "tags": [],
            "user": {
                "username": "ifa_alisha_wahid@moh.gov.sg"
            },
            "answers": [
                {
                    "id": 833,
                    "body": "<p>You are able to self-administer an ART after 72-hours of self-isolation.</p>\n<ul>\n<li>If negative: end self-isolation and resume normal activities</li>\n<li>If positive: Continue to self-isolate and repeat ART test daily till result is negative, on Day 7 (if fully vaccinated or below 12 years old) or Day 14 (if unvaccinated/partially vaccinated and aged 12 and above) without a need to test, whichever is earlier.  Days are counted starting with the day you first tested positive as Day 1.&nbsp;&nbsp;</li>\n</ul>\n<p><em>Note:  Day 1 is taken as date of your positive healthcare-administered COVID-19 test </em></p>\n",
                    "createdAt": "2022-01-07T03:35:16.000Z",
                    "updatedAt": "2022-02-16T12:43:46.000Z",
                    "userId": 48,
                    "postId": 838
                }
            ],
            "topic": {
                "name": "I am well or assessed mild",
                "description": "You're feeling well, but have tested positive for COVID-19, or you have been assessed by a doctor to be low-risk with mild symptoms. Your top questions answered below. "
            }
        },
        {
            "id": 832,
            "userId": 48,
            "title": "I tested ART positive and my doctor gave me a 5 day MC to recover. Can I be discharged early if I feel well and test ART negative after 72 hours?",
            "description": "",
            "createdAt": "2022-01-07T03:22:16.000Z",
            "views": 9066,
            "answerCount": 1,
            "topicId": 34,
            "agencyId": 5,
            "tags": [],
            "user": {
                "username": "ifa_alisha_wahid@moh.gov.sg"
            },
            "answers": [
                {
                    "id": 827,
                    "body": "<p>If you tested ART positive with your doctor, please exit only after 72 hours and having self-tested ART negative, and when your symptoms have resolved.&nbsp;</p>\n<p>If you still have symptoms but already self-tested ART negative, we strongly advise you to follow the doctor’s instructions and take the 5-day MC as needed to rest and self-isolate as much as possible so as to protect yourself and those around you. This will help curb the spread of infection by minimising movement in the community and remaining isolated at home.&nbsp;</p>\n<p>If you have symptoms again in future, please visit your doctor. Your doctor will assess and advise on the next steps.</p>\n",
                    "createdAt": "2022-01-07T03:22:17.000Z",
                    "updatedAt": "2022-01-07T03:22:17.000Z",
                    "userId": 48,
                    "postId": 832
                }
            ],
            "topic": {
                "name": "I am well or assessed mild",
                "description": "You're feeling well, but have tested positive for COVID-19, or you have been assessed by a doctor to be low-risk with mild symptoms. Your top questions answered below. "
            }
        },
        {
            "id": 827,
            "userId": 48,
            "title": "If I have been issued an MC to recover at home, when can I be discharged and leave the house?",
            "description": "",
            "createdAt": "2022-01-07T03:06:03.000Z",
            "views": 6606,
            "answerCount": 1,
            "topicId": 34,
            "agencyId": 5,
            "tags": [],
            "user": {
                "username": "ifa_alisha_wahid@moh.gov.sg"
            },
            "answers": [
                {
                    "id": 822,
                    "body": "<p>You are to self-isolate for at least 72 hours.</p>\n<p>You are allowed to leave home / exit self-isolation (a) if you test negative on an ART self-administered, or (b) on Day 7 (if fully vaccinated or below 12 years old) or Day 14 (if unvaccinated/partially vaccinated and aged 12 and above) without a need to test, whichever is earlier.  Days are counted starting with the day you first tested positive as Day 1.&nbsp;&nbsp;</p>\n<p>However, as part of socially responsible and civic-minded behaviour, do stay at home and minimise social interactions if you are on MC, or feel unwell and have symptoms.&nbsp;</p>\n<p>If your symptoms worsen or does not improve with time, please go back and see your doctor for further medical consultation.&nbsp;</p>\n<p><em>*Note: Day 1 is taken as date of first positive PCR/ART result.</em></p>\n",
                    "createdAt": "2022-01-07T03:06:03.000Z",
                    "updatedAt": "2022-02-16T12:39:17.000Z",
                    "userId": 48,
                    "postId": 827
                }
            ],
            "topic": {
                "name": "I am well or assessed mild",
                "description": "You're feeling well, but have tested positive for COVID-19, or you have been assessed by a doctor to be low-risk with mild symptoms. Your top questions answered below. "
            }
        },
        {
            "id": 828,
            "userId": 48,
            "title": "What should I do if I feel unwell during my self-isolation?",
            "description": "",
            "createdAt": "2022-01-07T03:07:13.000Z",
            "views": 4326,
            "answerCount": 1,
            "topicId": 34,
            "agencyId": 5,
            "tags": [],
            "user": {
                "username": "ifa_alisha_wahid@moh.gov.sg"
            },
            "answers": [
                {
                    "id": 823,
                    "body": "<p>If your symptoms worsen or do not improve with time, you are advised to visit the doctor you had originally consulted to seek further medical attention.&nbsp;</p>\n<p>If you have symptoms that require emergency medical attention, please call 995.</p>\n",
                    "createdAt": "2022-01-07T03:07:13.000Z",
                    "updatedAt": "2022-01-07T03:07:13.000Z",
                    "userId": 48,
                    "postId": 828
                }
            ],
            "topic": {
                "name": "I am well or assessed mild",
                "description": "You're feeling well, but have tested positive for COVID-19, or you have been assessed by a doctor to be low-risk with mild symptoms. Your top questions answered below. "
            }
        },
        {
            "id": 819,
            "userId": 48,
            "title": "Who will be issued an MC to recover at home?",
            "description": "",
            "createdAt": "2022-01-07T02:55:36.000Z",
            "views": 4326,
            "answerCount": 1,
            "topicId": 34,
            "agencyId": 5,
            "tags": [],
            "user": {
                "username": "ifa_alisha_wahid@moh.gov.sg"
            },
            "answers": [
                {
                    "id": 814,
                    "body": "<p>Only individuals who have been assessed by their doctor to be low risk and have mild symptoms will be issued an MC by their medical practitioners to rest and recover at home.</p>\n<p>Low-risk individuals refer to 12-69 year olds regardless of vaccination status, who:</p>\n<ul>\n<li>Are not immunocompromised or have a weakened immune system,&nbsp;</li>\n<li>Do not have severe chronic disease at high risk of deterioration,&nbsp;</li>\n<li>Are not pregnant,&nbsp;</li>\n<li>Are not overweight (Body Mass Index &gt;35 or weight &gt;100kg), and&nbsp;</li>\n<li>Do not have poorly controlled diabetes mellitus (DM).</li>\n<li>Are not diagnosed with HIV or AIDS</li>\n<li>Are not on dialysis</li>\n<li>Do not have a disease affecting your heart, lungs, kidneys, liver, or brain that required hospital admission in the last 6 months</li>\n</ul>\n",
                    "createdAt": "2022-01-07T02:55:37.000Z",
                    "updatedAt": "2022-02-16T12:36:35.000Z",
                    "userId": 48,
                    "postId": 819
                }
            ],
            "topic": {
                "name": "I am well or assessed mild",
                "description": "You're feeling well, but have tested positive for COVID-19, or you have been assessed by a doctor to be low-risk with mild symptoms. Your top questions answered below. "
            }
        },
        {
            "id": 836,
            "userId": 48,
            "title": "I thought the MC given is supposed to be for 5-days, why did I receive more days of MC?",
            "description": "",
            "createdAt": "2022-01-07T03:32:03.000Z",
            "views": 4310,
            "answerCount": 1,
            "topicId": 34,
            "agencyId": 5,
            "tags": [],
            "user": {
                "username": "ifa_alisha_wahid@moh.gov.sg"
            },
            "answers": [
                {
                    "id": 831,
                    "body": "<p>The recommended MC duration is 5 days. However, doctors can exercise clinical discretion to reduce or further extend the duration of the MC as appropriate. If your symptoms worsen or do not improve with time, please ask return to see your doctor.</p>\n",
                    "createdAt": "2022-01-07T03:32:04.000Z",
                    "updatedAt": "2022-01-07T04:30:34.000Z",
                    "userId": 48,
                    "postId": 836
                }
            ],
            "topic": {
                "name": "I am well or assessed mild",
                "description": "You're feeling well, but have tested positive for COVID-19, or you have been assessed by a doctor to be low-risk with mild symptoms. Your top questions answered below. "
            }
        },
        {
            "id": 795,
            "userId": 48,
            "title": "If I have travelled overseas recently and have a positive antigen rapid test although asymptomatic, what should I do? ",
            "description": "",
            "createdAt": "2021-12-08T09:34:36.000Z",
            "views": 4000,
            "answerCount": 1,
            "topicId": 34,
            "agencyId": 5,
            "tags": [],
            "user": {
                "username": "ifa_alisha_wahid@moh.gov.sg"
            },
            "answers": [
                {
                    "id": 790,
                    "body": "<p>If you have travelled overseas in the last 10 days, and test positive on an antigen rapid test (ART), you will need to undergo a confirmatory PCR test, which will be funded by the government. If you took your ART test as part of the requirements for inbound travel, please report the results as required, self-isolate and book a confirmatory PCR test at a Combined Test Centre as soon as possible, via <a href=\"https://go.gov.sg/traveller-pcr-confirmatory\" target=\"_blank\">https://go.gov.sg/traveller-pcr-confirmatory</a> . Otherwise, please see a doctor at a Swab and Send Home Clinic and inform the doctor of your travel history and positive ART result when doing so.</p>\n",
                    "createdAt": "2021-12-08T09:34:36.000Z",
                    "updatedAt": "2021-12-08T09:34:36.000Z",
                    "userId": 48,
                    "postId": 795
                }
            ],
            "topic": {
                "name": "I am well or assessed mild",
                "description": "You're feeling well, but have tested positive for COVID-19, or you have been assessed by a doctor to be low-risk with mild symptoms. Your top questions answered below. "
            }
        },
        {
            "id": 931,
            "userId": 48,
            "title": "I have recently completed the necessary isolation and recovered from COVID-19. However, I am tested +ve again. Do I have to undergo Protocol 2 again?",
            "description": "",
            "createdAt": "2022-03-10T01:22:54.000Z",
            "views": 2829,
            "answerCount": 1,
            "topicId": 34,
            "agencyId": 5,
            "tags": [],
            "user": {
                "username": "ifa_alisha_wahid@moh.gov.sg"
            },
            "answers": [
                {
                    "id": 926,
                    "body": "<p>Recovered persons who are well do not need to test within 90 days from their recent infection unless otherwise required.&nbsp;</p>\n<ul>\n<li>If an ART is inadvertently taken within 28 days from recovery, and returns a positive result, the person does not need to isolate himself from the general public (i.e., need not undergo Protocol 2 again), as the risk of reinfection in such a short period is very unlikely.</li>\n<li>As a precaution, recovered persons with an ART positive result after 28 days from recovery should undergo Protocol 2.</li>\n</ul>\n",
                    "createdAt": "2022-03-10T01:22:55.000Z",
                    "updatedAt": "2022-03-10T01:22:55.000Z",
                    "userId": 48,
                    "postId": 931
                }
            ],
            "topic": {
                "name": "I am well or assessed mild",
                "description": "You're feeling well, but have tested positive for COVID-19, or you have been assessed by a doctor to be low-risk with mild symptoms. Your top questions answered below. "
            }
        },
        {
            "id": 932,
            "userId": 48,
            "title": "I am fully vaccinated. Can I still leave my home and carry on with my social activities after 12pm on Day 7 of isolation if I am still symptomatic*?",
            "description": "<p>&nbsp;(e.g. sore throat, cough)</p>\n",
            "createdAt": "2022-03-10T01:31:38.000Z",
            "views": 1610,
            "answerCount": 1,
            "topicId": 34,
            "agencyId": 5,
            "tags": [],
            "user": {
                "username": "ifa_alisha_wahid@moh.gov.sg"
            },
            "answers": [
                {
                    "id": 927,
                    "body": "<p>In general, a fully vaccinated person is unlikely to be infectious from Day 7 and may exit self-isolation. Nonetheless, if you remain symptomatic and unwell, as an added precaution, you are advised to minimise social interactions where possible until you feel better. If your symptoms worsen or do not improve, please see a doctor or call 995 in emergency situations.</p>\n",
                    "createdAt": "2022-03-10T01:31:38.000Z",
                    "updatedAt": "2022-03-10T01:31:38.000Z",
                    "userId": 48,
                    "postId": 932
                }
            ],
            "topic": {
                "name": "I am well or assessed mild",
                "description": "You're feeling well, but have tested positive for COVID-19, or you have been assessed by a doctor to be low-risk with mild symptoms. Your top questions answered below. "
            }
        },
        {
            "id": 930,
            "userId": 48,
            "title": "When should I or my child go for routine vaccinations, e.g influenza vaccination, after recovering from COVID-19?",
            "description": "",
            "createdAt": "2022-03-09T03:22:57.000Z",
            "views": 311,
            "answerCount": 1,
            "topicId": 34,
            "agencyId": 5,
            "tags": [],
            "user": {
                "username": "ifa_alisha_wahid@moh.gov.sg"
            },
            "answers": [
                {
                    "id": 925,
                    "body": "<p>In general, for individuals without fever in the past 24 hours and who have completed their isolation period, they can proceed with vaccination.</p>\n",
                    "createdAt": "2022-03-09T03:22:57.000Z",
                    "updatedAt": "2022-03-09T03:55:13.000Z",
                    "userId": 48,
                    "postId": 930
                }
            ],
            "topic": {
                "name": "I am well or assessed mild",
                "description": "You're feeling well, but have tested positive for COVID-19, or you have been assessed by a doctor to be low-risk with mild symptoms. Your top questions answered below. "
            }
        }
    ],
    "totalItems": 29
}