{
    "posts": [
        {
            "id": 854,
            "userId": 48,
            "title": "Persons who are immunocompromised are already required to receive 3 doses as part of the primary series. Do they need to receive a booster as well? ",
            "description": "",
            "createdAt": "2022-01-17T01:40:54.000Z",
            "views": 1029,
            "answerCount": 1,
            "topicId": 94,
            "agencyId": 5,
            "tags": [],
            "user": {
                "username": "ifa_alisha_wahid@moh.gov.sg"
            },
            "answers": [
                {
                    "id": 849,
                    "body": "<p>Persons who are immunocompromised and have received a three-dose enhanced primary series are recommended to receive a booster dose of a PSAR mRNA vaccine (i.e. a fourth dose of the vaccine). These persons can receive the booster dose from five months after completing the three-dose primary series.</p>\n",
                    "createdAt": "2022-01-17T01:40:54.000Z",
                    "updatedAt": "2022-01-17T01:40:54.000Z",
                    "userId": 48,
                    "postId": 854
                }
            ],
            "topic": {
                "name": "COVID-19 Vaccination and Booster",
                "description": null
            }
        },
        {
            "id": 856,
            "userId": 48,
            "title": "Is a booster dose safe?",
            "description": "",
            "createdAt": "2022-01-17T01:44:30.000Z",
            "views": 939,
            "answerCount": 1,
            "topicId": 94,
            "agencyId": 5,
            "tags": [],
            "user": {
                "username": "ifa_alisha_wahid@moh.gov.sg"
            },
            "answers": [
                {
                    "id": 851,
                    "body": "<p>Yes, the EC19V has assessed that the benefits of another dose of the vaccine outweigh the risks for the recommended groups. There is now good international data that a booster dose of the vaccine is safe, enhances protection against COVID-19 infection and ensures continued excellent protection against severe disease.</p>\n<p>Most side effects are mild or moderate, and usually get better within a few days.  As with all vaccines and medications, there is a small risk of serious adverse events. Countries which have been providing booster doses have not reported any safety concerns.</p>\n",
                    "createdAt": "2022-01-17T01:44:30.000Z",
                    "updatedAt": "2022-01-17T01:44:30.000Z",
                    "userId": 48,
                    "postId": 856
                }
            ],
            "topic": {
                "name": "COVID-19 Vaccination and Booster",
                "description": null
            }
        },
        {
            "id": 893,
            "userId": 33,
            "title": "Why is serology testing not required for holders of digitally verifiable vaccination certificates?",
            "description": "",
            "createdAt": "2022-01-29T14:29:33.000Z",
            "views": 664,
            "answerCount": 1,
            "topicId": 94,
            "agencyId": 5,
            "tags": [],
            "user": {
                "username": "Timothy_TAY@moh.gov.sg"
            },
            "answers": [
                {
                    "id": 888,
                    "body": "<p>Such certificates are tamper-proof and come with QR codes or other digital security features that can be used to verify their authenticity.&nbsp;</p>\n",
                    "createdAt": "2022-01-29T14:29:33.000Z",
                    "updatedAt": "2022-01-29T14:29:33.000Z",
                    "userId": 33,
                    "postId": 893
                }
            ],
            "topic": {
                "name": "COVID-19 Vaccination and Booster",
                "description": null
            }
        },
        {
            "id": 865,
            "userId": 48,
            "title": "Will the results of serology testing done overseas be accepted in Singapore?",
            "description": "",
            "createdAt": "2022-01-18T02:30:31.000Z",
            "views": 644,
            "answerCount": 1,
            "topicId": 94,
            "agencyId": 5,
            "tags": [],
            "user": {
                "username": "ifa_alisha_wahid@moh.gov.sg"
            },
            "answers": [
                {
                    "id": 860,
                    "body": "<p>No, serology testing needs to be done in Singapore.</p>\n",
                    "createdAt": "2022-01-18T02:30:31.000Z",
                    "updatedAt": "2022-01-18T02:30:31.000Z",
                    "userId": 48,
                    "postId": 865
                }
            ],
            "topic": {
                "name": "COVID-19 Vaccination and Booster",
                "description": null
            }
        }
    ],
    "totalItems": 34
}