{
    "posts": [
        {
            "id": 601,
            "userId": 48,
            "title": "What do household contacts need to do if there is a confirmed COVID-19 case in the household? ",
            "description": "",
            "createdAt": "2021-12-01T03:11:41.000Z",
            "views": 44663,
            "answerCount": 1,
            "topicId": 47,
            "agencyId": 5,
            "tags": [],
            "user": {
                "username": "ifa_alisha_wahid@moh.gov.sg"
            },
            "answers": [
                {
                    "id": 596,
                    "body": "<p>If you have a confirmed case in your household (who may be under Home Recovery), you will need to declare your status and register as a close contact at <a href=\"https://go.gov.sg/cplusform\" target=\"_blank\">https://go.gov.sg/cplusform</a> . This portal will require information such as the date of last interaction with the COVID-19 patient and your contact number.</p>\n",
                    "createdAt": "2021-12-01T03:11:42.000Z",
                    "updatedAt": "2021-12-01T04:45:44.000Z",
                    "userId": 48,
                    "postId": 601
                }
            ],
            "topic": {
                "name": "Quarantine Order",
                "description": "Information about Quarantine Orders"
            }
        },
        {
            "id": 622,
            "userId": 48,
            "title": "My quarantine is due to end. When am I allowed to leave?",
            "description": "",
            "createdAt": "2021-12-01T03:58:28.000Z",
            "views": 25074,
            "answerCount": 1,
            "topicId": 47,
            "agencyId": 5,
            "tags": [],
            "user": {
                "username": "ifa_alisha_wahid@moh.gov.sg"
            },
            "answers": [
                {
                    "id": 617,
                    "body": "<p>As stated on the electronic Quarantine Order (eQO) or physical QO you received, you may leave the quarantine facility when you receive your negative exit Polymerase Chain Reaction (PCR) test result or by 1200hrs on the last day of your quarantine, whichever is later.</p>\n",
                    "createdAt": "2021-12-01T03:58:28.000Z",
                    "updatedAt": "2021-12-01T04:52:22.000Z",
                    "userId": 48,
                    "postId": 622
                }
            ],
            "topic": {
                "name": "Quarantine Order",
                "description": "Information about Quarantine Orders"
            }
        },
        {
            "id": 598,
            "userId": 48,
            "title": "Where will I serve my Quarantine Order (QO)?",
            "description": "",
            "createdAt": "2021-12-01T02:52:17.000Z",
            "views": 19829,
            "answerCount": 1,
            "topicId": 47,
            "agencyId": 5,
            "tags": [],
            "user": {
                "username": "ifa_alisha_wahid@moh.gov.sg"
            },
            "answers": [
                {
                    "id": 593,
                    "body": "<p>By default, you will serve your QO at a designated quarantine facility.</p>\n",
                    "createdAt": "2021-12-01T02:52:17.000Z",
                    "updatedAt": "2021-12-01T04:44:31.000Z",
                    "userId": 48,
                    "postId": 598
                }
            ],
            "topic": {
                "name": "Quarantine Order",
                "description": "Information about Quarantine Orders"
            }
        },
        {
            "id": 620,
            "userId": 48,
            "title": "I tested negative on my quarantine entry PCR swab test. Can my quarantine be rescinded?",
            "description": "",
            "createdAt": "2021-12-01T03:49:16.000Z",
            "views": 15201,
            "answerCount": 1,
            "topicId": 47,
            "agencyId": 5,
            "tags": [],
            "user": {
                "username": "ifa_alisha_wahid@moh.gov.sg"
            },
            "answers": [
                {
                    "id": 615,
                    "body": "<p>A negative entry swab test result does not rule out the absence of COVID. As such, you will still be required to serve the entire duration of your quarantine period.</p>\n<p>The 10 days of isolation are necessary as it is the duration of the Delta variant of the COVID-19 virus incubation, and there may be a delayed onset of symptoms at any point during this period.</p>\n",
                    "createdAt": "2021-12-01T03:49:16.000Z",
                    "updatedAt": "2021-12-03T00:57:00.000Z",
                    "userId": 48,
                    "postId": 620
                }
            ],
            "topic": {
                "name": "Quarantine Order",
                "description": "Information about Quarantine Orders"
            }
        },
        {
            "id": 596,
            "userId": 48,
            "title": "What is a Quarantine Order (QO)?",
            "description": "",
            "createdAt": "2021-12-01T02:44:40.000Z",
            "views": 11482,
            "answerCount": 1,
            "topicId": 47,
            "agencyId": 5,
            "tags": [],
            "user": {
                "username": "ifa_alisha_wahid@moh.gov.sg"
            },
            "answers": [
                {
                    "id": 591,
                    "body": "<p>A Quarantine Order (QO) is a legal order issued to individuals under the Infectious Diseases Act and thus has legal force with severe penalties for non-compliance. It is issued to quarantine or isolate an individual who is, or is suspected to be, a carrier of an infectious disease or is a contact of a person confirmed to have an infectious disease. This is done with the aim of limiting the spread of the virus in the community.</p>\n",
                    "createdAt": "2021-12-01T02:44:40.000Z",
                    "updatedAt": "2021-12-01T04:43:36.000Z",
                    "userId": 48,
                    "postId": 596
                }
            ],
            "topic": {
                "name": "Quarantine Order",
                "description": "Information about Quarantine Orders"
            }
        },
        {
            "id": 607,
            "userId": 48,
            "title": "How long will it take for me to be conveyed to a quarantine facility?",
            "description": "",
            "createdAt": "2021-12-01T03:22:34.000Z",
            "views": 11206,
            "answerCount": 1,
            "topicId": 47,
            "agencyId": 5,
            "tags": [],
            "user": {
                "username": "ifa_alisha_wahid@moh.gov.sg"
            },
            "answers": [
                {
                    "id": 602,
                    "body": "<p>If you are to be quarantined at a designated facility, the Quarantine Order (QO) Agent will typically call you within a day to inform you of the time for conveyance to a quarantine facility, after you have received an eQO via SMS.</p>\n<p>If you do not receive the call, you may call 6916 0190.</p>\n",
                    "createdAt": "2021-12-01T03:22:34.000Z",
                    "updatedAt": "2021-12-22T00:57:01.000Z",
                    "userId": 48,
                    "postId": 607
                }
            ],
            "topic": {
                "name": "Quarantine Order",
                "description": "Information about Quarantine Orders"
            }
        },
        {
            "id": 617,
            "userId": 48,
            "title": "How is the quarantine end date calculated?",
            "description": "",
            "createdAt": "2021-12-01T03:45:29.000Z",
            "views": 8860,
            "answerCount": 1,
            "topicId": 47,
            "agencyId": 5,
            "tags": [],
            "user": {
                "username": "ifa_alisha_wahid@moh.gov.sg"
            },
            "answers": [
                {
                    "id": 612,
                    "body": "<p>You will be quarantined for 10 days from the last date of exposure to a COVID-19 case.</p>\n",
                    "createdAt": "2021-12-01T03:45:29.000Z",
                    "updatedAt": "2021-12-01T04:51:32.000Z",
                    "userId": 48,
                    "postId": 617
                }
            ],
            "topic": {
                "name": "Quarantine Order",
                "description": "Information about Quarantine Orders"
            }
        },
        {
            "id": 613,
            "userId": 48,
            "title": "Who will pay for the cost of the testing regime under Quarantine Order(s)?",
            "description": "",
            "createdAt": "2021-12-01T03:34:48.000Z",
            "views": 6304,
            "answerCount": 1,
            "topicId": 47,
            "agencyId": 5,
            "tags": [],
            "user": {
                "username": "ifa_alisha_wahid@moh.gov.sg"
            },
            "answers": [
                {
                    "id": 608,
                    "body": "<p>The Ministry of Health will bear the cost for all tests related to QO.</p>\n",
                    "createdAt": "2021-12-01T03:34:48.000Z",
                    "updatedAt": "2021-12-01T04:49:40.000Z",
                    "userId": 48,
                    "postId": 613
                }
            ],
            "topic": {
                "name": "Quarantine Order",
                "description": "Information about Quarantine Orders"
            }
        },
        {
            "id": 606,
            "userId": 48,
            "title": "I received an SMS Quarantine Order (QO) notice, but have not received any other instructions from MOH. What should I do?",
            "description": "",
            "createdAt": "2021-12-01T03:21:34.000Z",
            "views": 5376,
            "answerCount": 1,
            "topicId": 47,
            "agencyId": 5,
            "tags": [],
            "user": {
                "username": "ifa_alisha_wahid@moh.gov.sg"
            },
            "answers": [
                {
                    "id": 601,
                    "body": "<p>The QO Agent contact you to verify details and provide further information if you are to be quarantined at a designated facility.</p>\n<p>If you have questions, you may call 6916 0190.</p>\n",
                    "createdAt": "2021-12-01T03:21:34.000Z",
                    "updatedAt": "2021-12-22T00:55:26.000Z",
                    "userId": 48,
                    "postId": 606
                }
            ],
            "topic": {
                "name": "Quarantine Order",
                "description": "Information about Quarantine Orders"
            }
        },
        {
            "id": 600,
            "userId": 48,
            "title": "What must I do when I am being quarantined? How will it affect my household members?",
            "description": "",
            "createdAt": "2021-12-01T03:00:30.000Z",
            "views": 5124,
            "answerCount": 1,
            "topicId": 47,
            "agencyId": 5,
            "tags": [],
            "user": {
                "username": "ifa_alisha_wahid@moh.gov.sg"
            },
            "answers": [
                {
                    "id": 595,
                    "body": "<p>If you have been placed on quarantine, please return to your place of residence immediately and isolate yourself from the rest of your household. MOH will contact you with further details and arrangements for your quarantine.</p>\n",
                    "createdAt": "2021-12-01T03:00:30.000Z",
                    "updatedAt": "2021-12-01T04:45:08.000Z",
                    "userId": 48,
                    "postId": 600
                }
            ],
            "topic": {
                "name": "Quarantine Order",
                "description": "Information about Quarantine Orders"
            }
        },
        {
            "id": 611,
            "userId": 48,
            "title": "I am on Quarantine Order (QO) but have a vaccination appointment. Should I still go for my vaccination?",
            "description": "",
            "createdAt": "2021-12-01T03:31:31.000Z",
            "views": 4510,
            "answerCount": 1,
            "topicId": 47,
            "agencyId": 5,
            "tags": [],
            "user": {
                "username": "ifa_alisha_wahid@moh.gov.sg"
            },
            "answers": [
                {
                    "id": 606,
                    "body": "<p>To minimise public health risk, please do not go for your vaccination when you are under quarantine. Spot checks will be carried out to ensure that you strictly adhere to the conditions under the Quarantine Order (QO) during the period specified. Please note that it is an offence if you do not comply with the conditions listed in your QO.</p>\n<p>If your vaccination appointment was made through:</p>\n<p>a. National Appointment System (NAS): Please fill up the FORM.SG form to reschedule your vaccination appointment. It can be as early as the last date of your QO provided that your exit swab test result is negative.</p>\n<p>b. Your Organisation/Company: Please make arrangements with your organisation/company to re-schedule the vaccination. It can be as early as the last date of your QO provided that your exit swab test result is negative.</p>\n<p>If you still have any other queries or require further clarification, please contact the MOH COVID-19 Hotline at 1800-333-9999.</p>\n",
                    "createdAt": "2021-12-01T03:31:31.000Z",
                    "updatedAt": "2021-12-01T04:49:17.000Z",
                    "userId": 48,
                    "postId": 611
                }
            ],
            "topic": {
                "name": "Quarantine Order",
                "description": "Information about Quarantine Orders"
            }
        },
        {
            "id": 610,
            "userId": 48,
            "title": "I am on Quarantine Order (QO) but I need to go out to attend to urgent matters, what should I do?",
            "description": "",
            "createdAt": "2021-12-01T03:29:23.000Z",
            "views": 3794,
            "answerCount": 1,
            "topicId": 47,
            "agencyId": 5,
            "tags": [],
            "user": {
                "username": "ifa_alisha_wahid@moh.gov.sg"
            },
            "answers": [
                {
                    "id": 605,
                    "body": "<p>As a person under quarantine, you must not leave your designated quarantine location for any reason. If you require assistance for daily needs, you should arrange with your relatives / friends to purchase groceries and assist with your daily needs where necessary. If you urgently need to leave your place of isolation / home for matters requiring personal attention which cannot be postponed, you must first seek the permission of the Quarantine Order (QO) Agent.</p>\n<p>Spot checks will be carried out to ensure that you strictly adhere to the conditions under the Isolation / Quarantine Order during the period specified. If you are found to be non-compliant, the Director of Medical Services may require you to wear an electronic tag or order that you be detained and isolated in a hospital or in any other suitable place. It is an offence if you do not comply with the conditions listed in your QO.</p>\n",
                    "createdAt": "2021-12-01T03:29:23.000Z",
                    "updatedAt": "2021-12-01T04:48:45.000Z",
                    "userId": 48,
                    "postId": 610
                }
            ],
            "topic": {
                "name": "Quarantine Order",
                "description": "Information about Quarantine Orders"
            }
        },
        {
            "id": 603,
            "userId": 48,
            "title": "I have received a call from MOH/Certis saying that they are contacting me for quarantine purpose. How do I verify if that is true?",
            "description": "",
            "createdAt": "2021-12-01T03:16:23.000Z",
            "views": 2728,
            "answerCount": 1,
            "topicId": 47,
            "agencyId": 5,
            "tags": [],
            "user": {
                "username": "ifa_alisha_wahid@moh.gov.sg"
            },
            "answers": [
                {
                    "id": 598,
                    "body": "<p>You may wish to:</p>\n<p>a. Write down the telephone number.</p>\n<p>b. Call MOH’s general hotline at 1800-333-9999 to verify if it is legitimate.</p>\n<p>Please note that MOH will not ask for your financial details when conducting contact tracing or divulge any details of confirmed cases.</p>\n<p>We will also not ask you to collect documents from MOH, unless you have existing business with MOH.</p>\n",
                    "createdAt": "2021-12-01T03:16:23.000Z",
                    "updatedAt": "2021-12-01T04:46:04.000Z",
                    "userId": 48,
                    "postId": 603
                }
            ],
            "topic": {
                "name": "Quarantine Order",
                "description": "Information about Quarantine Orders"
            }
        },
        {
            "id": 621,
            "userId": 48,
            "title": "I was quarantined as I was identified to be a close contact of a positive case. The positive case has since recovered. Can my quarantine be rescinded?",
            "description": "",
            "createdAt": "2021-12-01T03:56:38.000Z",
            "views": 2723,
            "answerCount": 1,
            "topicId": 47,
            "agencyId": 5,
            "tags": [],
            "user": {
                "username": "ifa_alisha_wahid@moh.gov.sg"
            },
            "answers": [
                {
                    "id": 616,
                    "body": "<p>Your quarantine status is independent of the recovery of the positive case. The duration of your quarantine is determined based on 10 days from your last date of exposure/contact with the positive case.</p>\n<p>This is because the incubation period of the Delta variant of the COVID-19 virus is 10 days and you might not yet display the signs/symptoms of an infection.</p>\n",
                    "createdAt": "2021-12-01T03:56:39.000Z",
                    "updatedAt": "2022-01-18T05:45:50.000Z",
                    "userId": 48,
                    "postId": 621
                }
            ],
            "topic": {
                "name": "Quarantine Order",
                "description": "Information about Quarantine Orders"
            }
        },
        {
            "id": 618,
            "userId": 48,
            "title": "I know of individuals who serve shorter duration of quarantine than me. Why is this so?",
            "description": "",
            "createdAt": "2021-12-01T03:46:37.000Z",
            "views": 2451,
            "answerCount": 1,
            "topicId": 47,
            "agencyId": 5,
            "tags": [],
            "user": {
                "username": "ifa_alisha_wahid@moh.gov.sg"
            },
            "answers": [
                {
                    "id": 613,
                    "body": "<p>The quarantine end date is calculated based on the individual’s last date of exposure to a COVID-19 case.</p>\n",
                    "createdAt": "2021-12-01T03:46:37.000Z",
                    "updatedAt": "2021-12-01T04:51:42.000Z",
                    "userId": 48,
                    "postId": 618
                }
            ],
            "topic": {
                "name": "Quarantine Order",
                "description": "Information about Quarantine Orders"
            }
        },
        {
            "id": 608,
            "userId": 48,
            "title": "I need to inform my employer/school about my quarantine. I would like to request for a copy of my Quarantine Order (QO).",
            "description": "",
            "createdAt": "2021-12-01T03:24:25.000Z",
            "views": 2450,
            "answerCount": 1,
            "topicId": 47,
            "agencyId": 5,
            "tags": [],
            "user": {
                "username": "ifa_alisha_wahid@moh.gov.sg"
            },
            "answers": [
                {
                    "id": 603,
                    "body": "<p>If you have received an electronic Quarantine Order (eQO) via SMS, you may forward it to your employer/school.</p>\n<p>Otherwise, if you have received a physical QO from the QO Agent, you may show the physical QO to your employer/school.</p>\n",
                    "createdAt": "2021-12-01T03:24:25.000Z",
                    "updatedAt": "2021-12-01T04:48:21.000Z",
                    "userId": 48,
                    "postId": 608
                }
            ],
            "topic": {
                "name": "Quarantine Order",
                "description": "Information about Quarantine Orders"
            }
        },
        {
            "id": 597,
            "userId": 48,
            "title": "Why am I under quarantine? How was I identified as a close contact of a COVID-19 case?",
            "description": "",
            "createdAt": "2021-12-01T02:48:28.000Z",
            "views": 2289,
            "answerCount": 1,
            "topicId": 47,
            "agencyId": 5,
            "tags": [],
            "user": {
                "username": "ifa_alisha_wahid@moh.gov.sg"
            },
            "answers": [
                {
                    "id": 592,
                    "body": "<p>You are under quarantine as you were identified as a close contact of a COVID-19 case. Going by MOH’s prevailing definition of a “close contact”, this means that you were in close proximity to a COVID case during his/her infectious period for a significant period of time.</p>\n<p>Due to patient confidentiality, we are unable to disclose the identity of the COVID case.&nbsp;</p>\n",
                    "createdAt": "2021-12-01T02:48:28.000Z",
                    "updatedAt": "2021-12-01T04:43:45.000Z",
                    "userId": 48,
                    "postId": 597
                }
            ],
            "topic": {
                "name": "Quarantine Order",
                "description": "Information about Quarantine Orders"
            }
        },
        {
            "id": 605,
            "userId": 48,
            "title": "I have been informed by MOH that I was in close contact with a confirmed COVID-19 case and need to be quarantined. What should I do?",
            "description": "",
            "createdAt": "2021-12-01T03:19:50.000Z",
            "views": 1931,
            "answerCount": 1,
            "topicId": 47,
            "agencyId": 5,
            "tags": [],
            "user": {
                "username": "ifa_alisha_wahid@moh.gov.sg"
            },
            "answers": [
                {
                    "id": 600,
                    "body": "<p>If you have been informed by MOH that you had close contact with a confirmed COVID-19 case and will be placed on quarantine, please return to your place of residence immediately and isolate yourself from the rest of your household. MOH will contact you with further details and arrangements for your quarantine.</p>\n",
                    "createdAt": "2021-12-01T03:19:50.000Z",
                    "updatedAt": "2021-12-01T04:46:29.000Z",
                    "userId": 48,
                    "postId": 605
                }
            ],
            "topic": {
                "name": "Quarantine Order",
                "description": "Information about Quarantine Orders"
            }
        },
        {
            "id": 615,
            "userId": 48,
            "title": "I am a Person under Quarantine (PUQ). Can I opt for an ART self-test in place of my PCR entry test?",
            "description": "",
            "createdAt": "2021-12-01T03:37:48.000Z",
            "views": 1866,
            "answerCount": 1,
            "topicId": 47,
            "agencyId": 5,
            "tags": [],
            "user": {
                "username": "ifa_alisha_wahid@moh.gov.sg"
            },
            "answers": [
                {
                    "id": 610,
                    "body": "<p>No. While the Antigen Rapid Test (ART) self-test provides a quick and easy way for persons to get self-tested in their own homes, the test results are still less accurate as compared to a Polymerase Chain Reaction (PCR) test.</p>\n<p>Hence, persons under quarantine (PUQs) are required to take a PCR entry test to prevent infecting others.</p>\n",
                    "createdAt": "2021-12-01T03:37:48.000Z",
                    "updatedAt": "2021-12-01T04:50:24.000Z",
                    "userId": 48,
                    "postId": 615
                }
            ],
            "topic": {
                "name": "Quarantine Order",
                "description": "Information about Quarantine Orders"
            }
        },
        {
            "id": 602,
            "userId": 48,
            "title": "I received a SMS stating that I am under a Quarantine Order. Is this legitimate?",
            "description": "",
            "createdAt": "2021-12-01T03:13:55.000Z",
            "views": 1799,
            "answerCount": 1,
            "topicId": 47,
            "agencyId": 5,
            "tags": [],
            "user": {
                "username": "ifa_alisha_wahid@moh.gov.sg"
            },
            "answers": [
                {
                    "id": 597,
                    "body": "<p>If you have cause to doubt the authenticity of the SMS message you have received, you can verify your QO status by calling 6916 0190 or call MOH’s general hotline at 1800-333-9999.</p>\n",
                    "createdAt": "2021-12-01T03:13:56.000Z",
                    "updatedAt": "2021-12-22T00:52:57.000Z",
                    "userId": 48,
                    "postId": 602
                }
            ],
            "topic": {
                "name": "Quarantine Order",
                "description": "Information about Quarantine Orders"
            }
        },
        {
            "id": 604,
            "userId": 48,
            "title": "I have been in recent contact with someone who has been issued a Quarantine Order (QO). What should I do?",
            "description": "",
            "createdAt": "2021-12-01T03:18:19.000Z",
            "views": 1650,
            "answerCount": 1,
            "topicId": 47,
            "agencyId": 5,
            "tags": [],
            "user": {
                "username": "ifa_alisha_wahid@moh.gov.sg"
            },
            "answers": [
                {
                    "id": 599,
                    "body": "<p>Persons issued with a Quarantine Order (QO) are individuals assessed to have had close contact with a confirmed case, and they are generally well and have no symptoms.</p>\n<p>We would advise you to monitor your health closely. You may wish to self-administer an Antigen Rapid Test (ART) self-test.</p>\n<p>If you have fever, cough or runny nose, put on a mask and <a href=\"http://phpc.gov.sg\" target=\"_blank\">see a doctor</a> . Call the clinic ahead of your visit and inform the doctor of your symptoms as well as your travel history, if any.</p>\n",
                    "createdAt": "2021-12-01T03:18:19.000Z",
                    "updatedAt": "2021-12-01T04:46:19.000Z",
                    "userId": 48,
                    "postId": 604
                }
            ],
            "topic": {
                "name": "Quarantine Order",
                "description": "Information about Quarantine Orders"
            }
        },
        {
            "id": 616,
            "userId": 48,
            "title": "I am a Person under Quarantine (PUQ). When will I get my swab test results? How will I be informed of the result?",
            "description": "",
            "createdAt": "2021-12-01T03:42:38.000Z",
            "views": 1549,
            "answerCount": 1,
            "topicId": 47,
            "agencyId": 5,
            "tags": [],
            "user": {
                "username": "ifa_alisha_wahid@moh.gov.sg"
            },
            "answers": [
                {
                    "id": 611,
                    "body": "<p>If you have a SingPass account*, you may login to the <a href=\"https://eservices.healthhub.sg/Covid/Records\" target=\"_blank\">HealthHub page</a>  to access your test results, the test results will usually be available within one to two days of your swab test.</p>\n<p>*Singapore Citizens and Permanent Residents, Passholders (Employment Pass, EntrePass, S-Pass, Dependent Pass, Long Term Visit Pass Plus), and selected Work Permit Holders are eligible for SingPass. Please refer to this <a href=\"https://www.singpass.gov.sg/singpass/register/instructions\" target=\"_blank\">link</a>  for instructions.</p>\n",
                    "createdAt": "2021-12-01T03:42:38.000Z",
                    "updatedAt": "2021-12-01T04:51:19.000Z",
                    "userId": 48,
                    "postId": 616
                }
            ],
            "topic": {
                "name": "Quarantine Order",
                "description": "Information about Quarantine Orders"
            }
        },
        {
            "id": 609,
            "userId": 48,
            "title": "If I am unemployed and on Quarantine Order (QO), who can I go to for social and financial assistance?",
            "description": "",
            "createdAt": "2021-12-01T03:26:35.000Z",
            "views": 1540,
            "answerCount": 1,
            "topicId": 47,
            "agencyId": 5,
            "tags": [],
            "user": {
                "username": "ifa_alisha_wahid@moh.gov.sg"
            },
            "answers": [
                {
                    "id": 604,
                    "body": "<p>If you are unemployed and quarantined, and you need social or financial assistance, please contact the Quarantine Order (QO) Agent for further assistance.</p>\n",
                    "createdAt": "2021-12-01T03:26:36.000Z",
                    "updatedAt": "2021-12-01T04:48:30.000Z",
                    "userId": 48,
                    "postId": 609
                }
            ],
            "topic": {
                "name": "Quarantine Order",
                "description": "Information about Quarantine Orders"
            }
        },
        {
            "id": 612,
            "userId": 48,
            "title": "Why do I need to take a swab test under Quarantine Order (QO)? Is it mandatory? What tests am I required to undergo?",
            "description": "",
            "createdAt": "2021-12-01T03:33:26.000Z",
            "views": 1415,
            "answerCount": 1,
            "topicId": 47,
            "agencyId": 5,
            "tags": [],
            "user": {
                "username": "ifa_alisha_wahid@moh.gov.sg"
            },
            "answers": [
                {
                    "id": 607,
                    "body": "<p>All Persons Under Quarantine (PUQs) will be tested for COVID-19 during their Quarantine Order (QO) period. There will be an entry Polymerase Chain Reaction (PCR) swab test scheduled at the start of QO period for early detection of possible infection, and an exit PCR swab test will be scheduled before the QO ends to prevent potential transmission should you be infected.</p>\n<p>The swab tests are mandatory under the Infectious Diseases Act (IDA) to ensure that these persons do not pose any public health risks before re-entering the community.</p>\n",
                    "createdAt": "2021-12-01T03:33:27.000Z",
                    "updatedAt": "2021-12-01T04:49:27.000Z",
                    "userId": 48,
                    "postId": 612
                }
            ],
            "topic": {
                "name": "Quarantine Order",
                "description": "Information about Quarantine Orders"
            }
        },
        {
            "id": 614,
            "userId": 48,
            "title": "I have been served a Quarantine Order (QO). How do I get tested?",
            "description": "",
            "createdAt": "2021-12-01T03:36:29.000Z",
            "views": 1403,
            "answerCount": 1,
            "topicId": 47,
            "agencyId": 5,
            "tags": [],
            "user": {
                "username": "ifa_alisha_wahid@moh.gov.sg"
            },
            "answers": [
                {
                    "id": 609,
                    "body": "<p>Swab tests for PUQs at quarantine facilities are conducted on-site.&nbsp;</p>\n",
                    "createdAt": "2021-12-01T03:36:29.000Z",
                    "updatedAt": "2021-12-01T04:50:16.000Z",
                    "userId": 48,
                    "postId": 614
                }
            ],
            "topic": {
                "name": "Quarantine Order",
                "description": "Information about Quarantine Orders"
            }
        },
        {
            "id": 623,
            "userId": 48,
            "title": "Why is my quarantine extended? Is it possible that I would be able to end my quarantine earlier?",
            "description": "",
            "createdAt": "2021-12-03T00:54:08.000Z",
            "views": 1398,
            "answerCount": 1,
            "topicId": 47,
            "agencyId": 5,
            "tags": [],
            "user": {
                "username": "ifa_alisha_wahid@moh.gov.sg"
            },
            "answers": [
                {
                    "id": 618,
                    "body": "<p>Your quarantine may be extended because you have been identified as a close contact of another confirmed COVID-19 case, or if you have not gone for your entry or exit Polymerase Chain Reaction (PCR) swab test by the last day of your quarantine.</p>\n",
                    "createdAt": "2021-12-03T00:54:09.000Z",
                    "updatedAt": "2021-12-03T00:54:09.000Z",
                    "userId": 48,
                    "postId": 623
                }
            ],
            "topic": {
                "name": "Quarantine Order",
                "description": "Information about Quarantine Orders"
            }
        },
        {
            "id": 599,
            "userId": 48,
            "title": "Why are there different formats of Quarantine Order (QO), i.e. electronic Quarantine Order (eQO), physical QO, etc.?",
            "description": "",
            "createdAt": "2021-12-01T02:54:27.000Z",
            "views": 1396,
            "answerCount": 1,
            "topicId": 47,
            "agencyId": 5,
            "tags": [],
            "user": {
                "username": "ifa_alisha_wahid@moh.gov.sg"
            },
            "answers": [
                {
                    "id": 594,
                    "body": "<p>A Quarantine Order (QO) may be served electronically via SMS (eQO) to individuals with a valid local mobile number. Individuals without a valid local mobile number will be served physical QOs.</p>\n",
                    "createdAt": "2021-12-01T02:54:27.000Z",
                    "updatedAt": "2021-12-01T04:44:53.000Z",
                    "userId": 48,
                    "postId": 599
                }
            ],
            "topic": {
                "name": "Quarantine Order",
                "description": "Information about Quarantine Orders"
            }
        },
        {
            "id": 619,
            "userId": 48,
            "title": "I have been informed that my quarantine has been extended and I would like to get a confirmation.",
            "description": "",
            "createdAt": "2021-12-01T03:48:11.000Z",
            "views": 1391,
            "answerCount": 1,
            "topicId": 47,
            "agencyId": 5,
            "tags": [],
            "user": {
                "username": "ifa_alisha_wahid@moh.gov.sg"
            },
            "answers": [
                {
                    "id": 614,
                    "body": "<p>Please call 6916 0190 to obtain a confirmation of your quarantine extension.</p>\n",
                    "createdAt": "2021-12-01T03:48:11.000Z",
                    "updatedAt": "2021-12-22T00:59:32.000Z",
                    "userId": 48,
                    "postId": 619
                }
            ],
            "topic": {
                "name": "Quarantine Order",
                "description": "Information about Quarantine Orders"
            }
        }
    ],
    "totalItems": 28
}