{
    "posts": [
        {
            "id": 424,
            "userId": 32,
            "title": "When can I be discharged from the Home Recovery Programme (HRP)?",
            "description": "",
            "createdAt": "2021-09-28T10:04:31.000Z",
            "views": 306320,
            "answerCount": 1,
            "topicId": 35,
            "agencyId": 5,
            "tags": [
                {
                    "tagname": "moh",
                    "description": "Ministry of Health",
                    "tagType": "AGENCY",
                    "posttag": {
                        "createdAt": "2021-10-11T08:43:12.000Z",
                        "updatedAt": "2021-10-11T08:43:12.000Z",
                        "postId": 424,
                        "tagId": 22
                    }
                },
                {
                    "tagname": "I am unwell",
                    "description": "You're feeling unwell, or you're on the Home Recovery Programme. Here are some top questions others have asked.",
                    "tagType": "TOPIC",
                    "posttag": {
                        "createdAt": "2021-10-11T08:43:12.000Z",
                        "updatedAt": "2021-10-11T08:43:12.000Z",
                        "postId": 424,
                        "tagId": 35
                    }
                }
            ],
            "user": {
                "username": "alexis@open.gov.sg"
            },
            "answers": [
                {
                    "id": 419,
                    "body": "<p>You are to self-isolate for at least 72 hours from your positive test result.</p>\n<p>Thereafter, you may exit self-isolation (a) if you test negative on an ART self-administered, or (b) on Day 7 (if fully vaccinated or below 12 years old) or Day 14 (if unvaccinated/partially vaccinated and aged 12 and above) without a need to test, whichever is earlier.  Days are counted starting with the day you first tested positive as Day 1.&nbsp;</p>\n<p>Click <a href=\"https://www.covid.gov.sg/unwell/hrp\" target=\"_blank\">here</a>  to find out more on what to do after you are discharged from the Home Recovery Programme (HRP).</p>\n",
                    "createdAt": "2021-09-28T10:04:31.000Z",
                    "updatedAt": "2022-02-16T11:46:02.000Z",
                    "userId": 32,
                    "postId": 424
                }
            ],
            "topic": {
                "name": "I am unwell",
                "description": "You're feeling unwell, or you're on the Home Recovery Programme. Here are some top questions others have asked."
            }
        },
        {
            "id": 454,
            "userId": 13,
            "title": "What should I do If I'm unwell?",
            "description": "",
            "createdAt": "2021-09-29T10:00:54.000Z",
            "views": 287099,
            "answerCount": 1,
            "topicId": 35,
            "agencyId": 5,
            "tags": [
                {
                    "tagname": "moh",
                    "description": "Ministry of Health",
                    "tagType": "AGENCY",
                    "posttag": {
                        "createdAt": "2021-10-13T07:03:20.000Z",
                        "updatedAt": "2021-10-13T07:03:20.000Z",
                        "postId": 454,
                        "tagId": 22
                    }
                },
                {
                    "tagname": "I am unwell",
                    "description": "You're feeling unwell, or you're on the Home Recovery Programme. Here are some top questions others have asked.",
                    "tagType": "TOPIC",
                    "posttag": {
                        "createdAt": "2021-10-13T07:03:20.000Z",
                        "updatedAt": "2021-10-13T07:03:20.000Z",
                        "postId": 454,
                        "tagId": 35
                    }
                }
            ],
            "user": {
                "username": "alwyn.tan@open.gov.sg"
            },
            "answers": [
                {
                    "id": 449,
                    "body": "<p>If you are unwell, e.g. with symptoms such as fever, cough, sore throat, breathlessness, see a doctor.&nbsp;</p>\n<p>If you test positive for COVID-19: Stay home and self-isolate immediately for at least 72 hours.</p>\n<p>You will either be placed on the <a href=\"https://www.covid.gov.sg/unwell/hrp\" target=\"_blank\">Home Recovery Programme (HRP)</a> by default, or if your home environment is not suitable, you can recover at the appropriate care facilities.</p>\n<p>You may exit self-isolation (a) if you test negative on an ART self-administered, or (b) on Day 7 (if fully vaccinated or below 12 years old) or Day 14 (if unvaccinated/partially vaccinated and aged 12 and above) without a need to test, whichever is earlier. Days are counted starting with the day you first tested positive as Day 1.&nbsp;</p>\n<p>Click <a href=\"https://www.covid.gov.sg/unwell/overview\" target=\"_blank\">here</a>  for more on what to do if you are unwell.</p>\n",
                    "createdAt": "2021-09-29T10:00:55.000Z",
                    "updatedAt": "2022-02-16T11:52:01.000Z",
                    "userId": 13,
                    "postId": 454
                }
            ],
            "topic": {
                "name": "I am unwell",
                "description": "You're feeling unwell, or you're on the Home Recovery Programme. Here are some top questions others have asked."
            }
        },
        {
            "id": 482,
            "userId": 32,
            "title": "I am not on the Home Recovery Programme, but I have not been transferred to a care facility. What should I do?",
            "description": "",
            "createdAt": "2021-10-01T10:28:56.000Z",
            "views": 157776,
            "answerCount": 1,
            "topicId": 35,
            "agencyId": 5,
            "tags": [
                {
                    "tagname": "moh",
                    "description": "Ministry of Health",
                    "tagType": "AGENCY",
                    "posttag": {
                        "createdAt": "2021-10-08T09:24:38.000Z",
                        "updatedAt": "2021-10-08T09:24:38.000Z",
                        "postId": 482,
                        "tagId": 22
                    }
                },
                {
                    "tagname": "I am unwell",
                    "description": "You're feeling unwell, or you're on the Home Recovery Programme. Here are some top questions others have asked.",
                    "tagType": "TOPIC",
                    "posttag": {
                        "createdAt": "2021-10-08T09:24:38.000Z",
                        "updatedAt": "2021-10-08T09:24:38.000Z",
                        "postId": 482,
                        "tagId": 35
                    }
                }
            ],
            "user": {
                "username": "alexis@open.gov.sg"
            },
            "answers": [
                {
                    "id": 477,
                    "body": "<p>Please stay isolated, and call <a href=\"tel:68744939\" target=\"_blank\">6874 4939</a>  to check on the status of your transfer.</p>\n",
                    "createdAt": "2021-10-01T10:28:57.000Z",
                    "updatedAt": "2021-10-08T09:24:38.000Z",
                    "userId": 32,
                    "postId": 482
                }
            ],
            "topic": {
                "name": "I am unwell",
                "description": "You're feeling unwell, or you're on the Home Recovery Programme. Here are some top questions others have asked."
            }
        },
        {
            "id": 395,
            "userId": 30,
            "title": "Where can I find my PCR/ART test results administered/supervised by MOH-approved COVID-19 Test Providers?",
            "description": "",
            "createdAt": "2021-09-28T06:29:43.000Z",
            "views": 112312,
            "answerCount": 1,
            "topicId": 35,
            "agencyId": 5,
            "tags": [
                {
                    "tagname": "moh",
                    "description": "Ministry of Health",
                    "tagType": "AGENCY",
                    "posttag": {
                        "createdAt": "2021-10-11T08:55:44.000Z",
                        "updatedAt": "2021-10-11T08:55:44.000Z",
                        "postId": 395,
                        "tagId": 22
                    }
                },
                {
                    "tagname": "I am unwell",
                    "description": "You're feeling unwell, or you're on the Home Recovery Programme. Here are some top questions others have asked.",
                    "tagType": "TOPIC",
                    "posttag": {
                        "createdAt": "2021-10-11T08:55:44.000Z",
                        "updatedAt": "2021-10-11T08:55:44.000Z",
                        "postId": 395,
                        "tagId": 35
                    }
                }
            ],
            "user": {
                "username": "keewei@open.gov.sg"
            },
            "answers": [
                {
                    "id": 390,
                    "body": "<p>You may find your PCR (Polymerase Chain Reaction)/ ART (Antigen Rapid Test) test results in <a href=\"https://www.healthhub.sg/\" target=\"_blank\">HealthHub</a>. Click on <strong>Health eServices</strong> and login via <strong>SingPass</strong>.</p>\n<p>The test results will usually be available within one to two days of your swab test.</p>\n",
                    "createdAt": "2021-09-28T06:29:43.000Z",
                    "updatedAt": "2022-02-16T11:36:33.000Z",
                    "userId": 30,
                    "postId": 395
                }
            ],
            "topic": {
                "name": "I am unwell",
                "description": "You're feeling unwell, or you're on the Home Recovery Programme. Here are some top questions others have asked."
            }
        },
        {
            "id": 483,
            "userId": 31,
            "title": "I am not eligible for Home Recovery Programme but I would like to submit an appeal. How may I do so?",
            "description": "",
            "createdAt": "2021-10-01T10:44:46.000Z",
            "views": 101199,
            "answerCount": 1,
            "topicId": 35,
            "agencyId": 5,
            "tags": [
                {
                    "tagname": "moh",
                    "description": "Ministry of Health",
                    "tagType": "AGENCY",
                    "posttag": {
                        "createdAt": "2021-10-10T05:46:02.000Z",
                        "updatedAt": "2021-10-10T05:46:02.000Z",
                        "postId": 483,
                        "tagId": 22
                    }
                },
                {
                    "tagname": "I am unwell",
                    "description": "You're feeling unwell, or you're on the Home Recovery Programme. Here are some top questions others have asked.",
                    "tagType": "TOPIC",
                    "posttag": {
                        "createdAt": "2021-10-10T05:46:02.000Z",
                        "updatedAt": "2021-10-10T05:46:02.000Z",
                        "postId": 483,
                        "tagId": 35
                    }
                }
            ],
            "user": {
                "username": "alexander@open.gov.sg"
            },
            "answers": [
                {
                    "id": 478,
                    "body": "<p>Click <a href=\"https://www.covid.gov.sg/unwell/hrp\" target=\"_blank\">here</a>  to find out if you are eligible for Home Recovery.</p>\n<p>If you are not suitable for Home Recovery but wish to be on the programme, you may put in an appeal by calling <a href=\"tel:68744939\" target=\"_blank\">6874 4939</a>.&nbsp;</p>\n",
                    "createdAt": "2021-10-01T10:44:46.000Z",
                    "updatedAt": "2021-10-10T05:46:03.000Z",
                    "userId": 31,
                    "postId": 483
                }
            ],
            "topic": {
                "name": "I am unwell",
                "description": "You're feeling unwell, or you're on the Home Recovery Programme. Here are some top questions others have asked."
            }
        },
        {
            "id": 497,
            "userId": 33,
            "title": "Besides myself, my household members are also on the Home Recovery Programme (HRP). Can we be on the HRP together?",
            "description": "",
            "createdAt": "2021-10-09T06:34:45.000Z",
            "views": 86978,
            "answerCount": 1,
            "topicId": 35,
            "agencyId": 5,
            "tags": [
                {
                    "tagname": "moh",
                    "description": "Ministry of Health",
                    "tagType": "AGENCY",
                    "posttag": {
                        "createdAt": "2021-10-11T09:17:16.000Z",
                        "updatedAt": "2021-10-11T09:17:16.000Z",
                        "postId": 497,
                        "tagId": 22
                    }
                },
                {
                    "tagname": "I am unwell",
                    "description": "You're feeling unwell, or you're on the Home Recovery Programme. Here are some top questions others have asked.",
                    "tagType": "TOPIC",
                    "posttag": {
                        "createdAt": "2021-10-11T09:17:16.000Z",
                        "updatedAt": "2021-10-11T09:17:16.000Z",
                        "postId": 497,
                        "tagId": 35
                    }
                }
            ],
            "user": {
                "username": "Timothy_TAY@moh.gov.sg"
            },
            "answers": [
                {
                    "id": 492,
                    "body": "<p>Yes, you and your household members can be on the Home Recovery Programme (HRP) together.<br><br>However, those on HRP should isolate themselves from those who are not on HRP.</p>\n<p>Click <a href=\"https://www.covid.gov.sg/unwell/hrp\" target=\"_blank\">here</a> for more info on the HRP.</p>\n",
                    "createdAt": "2021-10-09T06:34:45.000Z",
                    "updatedAt": "2021-10-11T09:17:16.000Z",
                    "userId": 33,
                    "postId": 497
                }
            ],
            "topic": {
                "name": "I am unwell",
                "description": "You're feeling unwell, or you're on the Home Recovery Programme. Here are some top questions others have asked."
            }
        },
        {
            "id": 427,
            "userId": 13,
            "title": "How should my household members manage daily necessities during my Home Recovery?",
            "description": "",
            "createdAt": "2021-09-29T08:17:54.000Z",
            "views": 71326,
            "answerCount": 1,
            "topicId": 35,
            "agencyId": 5,
            "tags": [
                {
                    "tagname": "moh",
                    "description": "Ministry of Health",
                    "tagType": "AGENCY",
                    "posttag": {
                        "createdAt": "2021-10-12T09:00:07.000Z",
                        "updatedAt": "2021-10-12T09:00:07.000Z",
                        "postId": 427,
                        "tagId": 22
                    }
                },
                {
                    "tagname": "I am unwell",
                    "description": "You're feeling unwell, or you're on the Home Recovery Programme. Here are some top questions others have asked.",
                    "tagType": "TOPIC",
                    "posttag": {
                        "createdAt": "2021-10-12T09:00:07.000Z",
                        "updatedAt": "2021-10-12T09:00:07.000Z",
                        "postId": 427,
                        "tagId": 35
                    }
                }
            ],
            "user": {
                "username": "alwyn.tan@open.gov.sg"
            },
            "answers": [
                {
                    "id": 422,
                    "body": "<p>Your household members should try to order food or groceries that can be delivered to your home. To collect purchases from your main door, put on a mask and ensure there is no one outside before opening the main door.&nbsp;</p>\n<p>Your household members should also handle items with these simple steps:</p>\n<ul>\n<li>Always check that no one is within the vicinity.</li>\n<li>Put on a surgical mask.</li>\n<li>Minimise contact with used items or bag them to prevent direct contact with used items.</li>\n<li>Wash used items with soap and water immediately.</li>\n<li>Double-bag trash securely to prevent leakage and dispose them into the rubbish chute immediately.</li>\n<li>Wash hands thoroughly with soap after handling items from household member who is recovering from COVID-19.</li>\n</ul>\n",
                    "createdAt": "2021-09-29T08:17:55.000Z",
                    "updatedAt": "2021-10-12T09:00:07.000Z",
                    "userId": 13,
                    "postId": 427
                }
            ],
            "topic": {
                "name": "I am unwell",
                "description": "You're feeling unwell, or you're on the Home Recovery Programme. Here are some top questions others have asked."
            }
        },
        {
            "id": 475,
            "userId": 13,
            "title": "What is a Community Care Facility (CCF)?",
            "description": "",
            "createdAt": "2021-09-29T10:27:32.000Z",
            "views": 45954,
            "answerCount": 1,
            "topicId": 35,
            "agencyId": 5,
            "tags": [
                {
                    "tagname": "moh",
                    "description": "Ministry of Health",
                    "tagType": "AGENCY",
                    "posttag": {
                        "createdAt": "2021-10-08T08:32:43.000Z",
                        "updatedAt": "2021-10-08T08:32:43.000Z",
                        "postId": 475,
                        "tagId": 22
                    }
                },
                {
                    "tagname": "I am unwell",
                    "description": "You're feeling unwell, or you're on the Home Recovery Programme. Here are some top questions others have asked.",
                    "tagType": "TOPIC",
                    "posttag": {
                        "createdAt": "2021-10-08T08:32:43.000Z",
                        "updatedAt": "2021-10-08T08:32:43.000Z",
                        "postId": 475,
                        "tagId": 35
                    }
                }
            ],
            "user": {
                "username": "alwyn.tan@open.gov.sg"
            },
            "answers": [
                {
                    "id": 470,
                    "body": "<p>The majority of persons with COVID-19 infection have only mild to no symptoms and do not require acute hospital care. Hence, the default care management is Home Recovery.</p>\n<p>COVID-19 patients who are unsuitable for Home Recovery may recover at a Community Care Facility, where most recover with minimal intervention. Patients in these facilities are monitored closely in case they need to be transferred to hospital for better management and support.</p>\n",
                    "createdAt": "2021-09-29T10:27:32.000Z",
                    "updatedAt": "2021-10-08T08:32:43.000Z",
                    "userId": 13,
                    "postId": 475
                }
            ],
            "topic": {
                "name": "I am unwell",
                "description": "You're feeling unwell, or you're on the Home Recovery Programme. Here are some top questions others have asked."
            }
        },
        {
            "id": 431,
            "userId": 13,
            "title": "What symptoms or signs should I seek medical attention for during Home Recovery?",
            "description": "",
            "createdAt": "2021-09-29T08:47:28.000Z",
            "views": 36742,
            "answerCount": 1,
            "topicId": 35,
            "agencyId": 5,
            "tags": [
                {
                    "tagname": "moh",
                    "description": "Ministry of Health",
                    "tagType": "AGENCY",
                    "posttag": {
                        "createdAt": "2021-10-12T08:12:09.000Z",
                        "updatedAt": "2021-10-12T08:12:09.000Z",
                        "postId": 431,
                        "tagId": 22
                    }
                },
                {
                    "tagname": "I am unwell",
                    "description": "You're feeling unwell, or you're on the Home Recovery Programme. Here are some top questions others have asked.",
                    "tagType": "TOPIC",
                    "posttag": {
                        "createdAt": "2021-10-12T08:12:09.000Z",
                        "updatedAt": "2021-10-12T08:12:09.000Z",
                        "postId": 431,
                        "tagId": 35
                    }
                }
            ],
            "user": {
                "username": "alwyn.tan@open.gov.sg"
            },
            "answers": [
                {
                    "id": 426,
                    "body": "<p><strong>Contact a </strong><a href=\"https://hd.ihis.com.sg/vc/request\" target=\"_blank\"><strong>Telemedicine Doctor </strong></a>if you are experiencing any of the following:</p>\n<ul>\n<li>High/prolonged fever</li>\n<li>Persistent diarrhoea</li>\n<li>Headaches</li>\n<li>Need to request for medications</li>\n<li>Your oximeter SpO2 reading is between 92 to 94</li>\n</ul>\n<p>Refer <a href=\"https://ask.gov.sg/questions/397\" target=\"_blank\">here</a>  for symptoms that require emergency help.</p>\n",
                    "createdAt": "2021-09-29T08:47:28.000Z",
                    "updatedAt": "2021-11-09T09:09:11.000Z",
                    "userId": 13,
                    "postId": 431
                }
            ],
            "topic": {
                "name": "I am unwell",
                "description": "You're feeling unwell, or you're on the Home Recovery Programme. Here are some top questions others have asked."
            }
        },
        {
            "id": 821,
            "userId": 48,
            "title": "What happens if I do not have a room to self-isolate, or live with someone from a vulnerable group (e.g. elderly, unvaccinated parents)?",
            "description": "",
            "createdAt": "2022-01-07T03:00:35.000Z",
            "views": 30965,
            "answerCount": 1,
            "topicId": 35,
            "agencyId": 5,
            "tags": [],
            "user": {
                "username": "ifa_alisha_wahid@moh.gov.sg"
            },
            "answers": [
                {
                    "id": 816,
                    "body": "<p>Please try to make the necessary arrangements to self-isolate and minimize interaction with the other household members.&nbsp;</p>\n<p>If you are unable to self-isolate, you may inform your GP who will assess your situation and advise accordingly.&nbsp;</p>\n<p>In general, only requests by COVID-positive individuals who are unable to self-isolate due to poor living environment and have high-risk household member (e.g. unvaccinated elderly aged 80 and above or household member with weakened immune system) would be considered. Should you require to go to an isolation facility, your GP will arrange for you through MOH. Please note that you may be required to stay with another COVID-19 patient in an isolation facility.</p>\n<p>If you can self-isolate, you may choose to stay home or make other arrangements such as paid lodging or move the vulnerable household members to other residences.</p>\n",
                    "createdAt": "2022-01-07T03:00:35.000Z",
                    "updatedAt": "2022-01-19T08:33:10.000Z",
                    "userId": 48,
                    "postId": 821
                }
            ],
            "topic": {
                "name": "I am unwell",
                "description": "You're feeling unwell, or you're on the Home Recovery Programme. Here are some top questions others have asked."
            }
        },
        {
            "id": 403,
            "userId": 32,
            "title": "Who is eligible for Home Recovery?",
            "description": "",
            "createdAt": "2021-09-28T06:56:34.000Z",
            "views": 30270,
            "answerCount": 1,
            "topicId": 35,
            "agencyId": 5,
            "tags": [
                {
                    "tagname": "moh",
                    "description": "Ministry of Health",
                    "tagType": "AGENCY",
                    "posttag": {
                        "createdAt": "2021-10-10T07:46:25.000Z",
                        "updatedAt": "2021-10-10T07:46:25.000Z",
                        "postId": 403,
                        "tagId": 22
                    }
                },
                {
                    "tagname": "I am unwell",
                    "description": "You're feeling unwell, or you're on the Home Recovery Programme. Here are some top questions others have asked.",
                    "tagType": "TOPIC",
                    "posttag": {
                        "createdAt": "2021-10-10T07:46:25.000Z",
                        "updatedAt": "2021-10-10T07:46:25.000Z",
                        "postId": 403,
                        "tagId": 35
                    }
                }
            ],
            "user": {
                "username": "alexis@open.gov.sg"
            },
            "answers": [
                {
                    "id": 398,
                    "body": "<p>Click <a href=\"https://www.covid.gov.sg/unwell/hrp\" target=\"_blank\">here</a>  to find out if you are eligible for Home Recovery.</p>\n",
                    "createdAt": "2021-09-28T06:56:34.000Z",
                    "updatedAt": "2021-10-10T07:46:25.000Z",
                    "userId": 32,
                    "postId": 403
                }
            ],
            "topic": {
                "name": "I am unwell",
                "description": "You're feeling unwell, or you're on the Home Recovery Programme. Here are some top questions others have asked."
            }
        },
        {
            "id": 421,
            "userId": 32,
            "title": "I have placed on the Home Recovery Programme. What can I expect?",
            "description": "",
            "createdAt": "2021-09-28T09:09:32.000Z",
            "views": 16157,
            "answerCount": 1,
            "topicId": 35,
            "agencyId": 5,
            "tags": [
                {
                    "tagname": "moh",
                    "description": "Ministry of Health",
                    "tagType": "AGENCY",
                    "posttag": {
                        "createdAt": "2021-10-10T07:45:25.000Z",
                        "updatedAt": "2021-10-10T07:45:25.000Z",
                        "postId": 421,
                        "tagId": 22
                    }
                },
                {
                    "tagname": "I am unwell",
                    "description": "You're feeling unwell, or you're on the Home Recovery Programme. Here are some top questions others have asked.",
                    "tagType": "TOPIC",
                    "posttag": {
                        "createdAt": "2021-10-10T07:45:25.000Z",
                        "updatedAt": "2021-10-10T07:45:25.000Z",
                        "postId": 421,
                        "tagId": 35
                    }
                }
            ],
            "user": {
                "username": "alexis@open.gov.sg"
            },
            "answers": [
                {
                    "id": 416,
                    "body": "<p>Click <a href=\"https://www.covid.gov.sg/unwell/hrp\" target=\"_blank\">here</a>  for more information about the Home Recovery Programme.</p>\n",
                    "createdAt": "2021-09-28T09:09:32.000Z",
                    "updatedAt": "2021-10-10T07:45:25.000Z",
                    "userId": 32,
                    "postId": 421
                }
            ],
            "topic": {
                "name": "I am unwell",
                "description": "You're feeling unwell, or you're on the Home Recovery Programme. Here are some top questions others have asked."
            }
        },
        {
            "id": 521,
            "userId": 33,
            "title": "If I am unwell or my ART is positive & I need to commute to QTCs* using taxi or private hire car, do I need to inform the driver of my health status?",
            "description": "<p>QTCs = Quick Test Centres</p>\n",
            "createdAt": "2021-11-03T02:33:46.000Z",
            "views": 14436,
            "answerCount": 1,
            "topicId": 35,
            "agencyId": 5,
            "tags": [
                {
                    "tagname": "moh",
                    "description": "Ministry of Health",
                    "tagType": "AGENCY",
                    "posttag": {
                        "createdAt": "2021-11-03T02:34:47.000Z",
                        "updatedAt": "2021-11-03T02:34:47.000Z",
                        "postId": 521,
                        "tagId": 22
                    }
                },
                {
                    "tagname": "I am unwell",
                    "description": "You're feeling unwell, or you're on the Home Recovery Programme. Here are some top questions others have asked.",
                    "tagType": "TOPIC",
                    "posttag": {
                        "createdAt": "2021-11-03T02:34:47.000Z",
                        "updatedAt": "2021-11-03T02:34:47.000Z",
                        "postId": 521,
                        "tagId": 35
                    }
                }
            ],
            "user": {
                "username": "Timothy_TAY@moh.gov.sg"
            },
            "answers": [
                {
                    "id": 516,
                    "body": "<p>Yes. Please inform the driver of your health status. Although the risk of in-car transmission is low, drivers are encouraged to take additional precautions to further reduce the risk of transmission, such as winding down the windows during the course of the trip.</p>\n",
                    "createdAt": "2021-11-03T02:33:46.000Z",
                    "updatedAt": "2022-02-21T02:54:52.000Z",
                    "userId": 33,
                    "postId": 521
                }
            ],
            "topic": {
                "name": "I am unwell",
                "description": "You're feeling unwell, or you're on the Home Recovery Programme. Here are some top questions others have asked."
            }
        },
        {
            "id": 417,
            "userId": 31,
            "title": "I was discharged from Community Care Facility (CCF) even though it’s been less than 10 days. Can I go out?",
            "description": "",
            "createdAt": "2021-09-28T08:07:49.000Z",
            "views": 10172,
            "answerCount": 1,
            "topicId": 35,
            "agencyId": 5,
            "tags": [
                {
                    "tagname": "moh",
                    "description": "Ministry of Health",
                    "tagType": "AGENCY",
                    "posttag": {
                        "createdAt": "2021-10-11T09:12:19.000Z",
                        "updatedAt": "2021-10-11T09:12:19.000Z",
                        "postId": 417,
                        "tagId": 22
                    }
                },
                {
                    "tagname": "I am unwell",
                    "description": "You're feeling unwell, or you're on the Home Recovery Programme. Here are some top questions others have asked.",
                    "tagType": "TOPIC",
                    "posttag": {
                        "createdAt": "2021-10-11T09:12:19.000Z",
                        "updatedAt": "2021-10-11T09:12:19.000Z",
                        "postId": 417,
                        "tagId": 35
                    }
                }
            ],
            "user": {
                "username": "alexander@open.gov.sg"
            },
            "answers": [
                {
                    "id": 412,
                    "body": "<p>While you are allowed to leave the house, please try to minimise social interactions for the next 7 days.</p>\n",
                    "createdAt": "2021-09-28T08:07:49.000Z",
                    "updatedAt": "2021-10-11T09:12:19.000Z",
                    "userId": 31,
                    "postId": 417
                }
            ],
            "topic": {
                "name": "I am unwell",
                "description": "You're feeling unwell, or you're on the Home Recovery Programme. Here are some top questions others have asked."
            }
        },
        {
            "id": 820,
            "userId": 48,
            "title": "How do I know if my condition is mild or severe? ",
            "description": "",
            "createdAt": "2022-01-07T02:58:27.000Z",
            "views": 10154,
            "answerCount": 1,
            "topicId": 35,
            "agencyId": 5,
            "tags": [],
            "user": {
                "username": "ifa_alisha_wahid@moh.gov.sg"
            },
            "answers": [
                {
                    "id": 815,
                    "body": "<p>If you have any of the following symptoms, your condition is considered severe, and you will require urgent medical care.</p>\n<p>Please note that this list is non-exhaustive, and your doctor will exercise his own clinical judgement in assessing your condition:</p>\n<ul>\n<li>Chest pain</li>\n<li>Shortness of breath</li>\n<li>Sudden weakness over one side of body, slurring of speech, drooping of the face, severe headache that does not get better with usual pain medication</li>\n<li>Chest palpitations</li>\n<li>Sudden onset of painful, red or swollen limbs&nbsp;</li>\n</ul>\n<p>If you have the following symptoms, you should also consult your doctor for further advice:&nbsp;</p>\n<ul>\n<li>Persistent diarrhoea and vomiting/ unable to take fluids</li>\n<li>Fever for ≥3 days</li>\n</ul>\n",
                    "createdAt": "2022-01-07T02:58:28.000Z",
                    "updatedAt": "2022-01-07T02:58:28.000Z",
                    "userId": 48,
                    "postId": 820
                }
            ],
            "topic": {
                "name": "I am unwell",
                "description": "You're feeling unwell, or you're on the Home Recovery Programme. Here are some top questions others have asked."
            }
        },
        {
            "id": 503,
            "userId": 33,
            "title": "What is a COVID-19 Treatment Facility (CTF)?",
            "description": "",
            "createdAt": "2021-10-10T08:01:41.000Z",
            "views": 9907,
            "answerCount": 1,
            "topicId": 35,
            "agencyId": 5,
            "tags": [
                {
                    "tagname": "moh",
                    "description": "Ministry of Health",
                    "tagType": "AGENCY",
                    "posttag": {
                        "createdAt": "2021-10-10T09:49:48.000Z",
                        "updatedAt": "2021-10-10T09:49:48.000Z",
                        "postId": 503,
                        "tagId": 22
                    }
                },
                {
                    "tagname": "I am unwell",
                    "description": "You're feeling unwell, or you're on the Home Recovery Programme. Here are some top questions others have asked.",
                    "tagType": "TOPIC",
                    "posttag": {
                        "createdAt": "2021-10-10T09:49:48.000Z",
                        "updatedAt": "2021-10-10T09:49:48.000Z",
                        "postId": 503,
                        "tagId": 35
                    }
                }
            ],
            "user": {
                "username": "Timothy_TAY@moh.gov.sg"
            },
            "answers": [
                {
                    "id": 498,
                    "body": "<p>COVID-19 Treatment Facilities are community care facilities dedicated to the recovery of elderly patients who are:</p>\n<ul>\n<li>Stable, mildly symptomatic, clinically-well</li>\n<li>Have underlying chronic illnesses or comorbidities (e.g. cardiac, neurological or respiratory diseases, or weakened immune response), that could make them more susceptible to a potential worsening of illness.</li>\n</ul>\n<p>While this group of elderly patients are not at a high risk of worsening illness — e.g. requiring oxygen supplementation, care in the intensive care unit (ICU) — they require closer monitoring of their pre-existing medical conditions, as well as for any early signs of worsening illness.</p>\n<p>Patients who experience a worsening of illness will be immediately sent to our hospitals for greater care.</p>\n",
                    "createdAt": "2021-10-10T08:01:41.000Z",
                    "updatedAt": "2021-10-10T09:49:48.000Z",
                    "userId": 33,
                    "postId": 503
                }
            ],
            "topic": {
                "name": "I am unwell",
                "description": "You're feeling unwell, or you're on the Home Recovery Programme. Here are some top questions others have asked."
            }
        },
        {
            "id": 513,
            "userId": 33,
            "title": "I took a administered test* earlier today, and I am currently waiting for my result. Can my household members continue with their regular activities?",
            "description": "<p>*administered/supervised by MOH-approved COVID-19 Test Providers&nbsp;</p>\n",
            "createdAt": "2021-10-14T14:12:52.000Z",
            "views": 9648,
            "answerCount": 1,
            "topicId": 35,
            "agencyId": 5,
            "tags": [
                {
                    "tagname": "moh",
                    "description": "Ministry of Health",
                    "tagType": "AGENCY",
                    "posttag": {
                        "createdAt": "2021-10-14T14:12:52.000Z",
                        "updatedAt": "2021-10-14T14:12:52.000Z",
                        "postId": 513,
                        "tagId": 22
                    }
                },
                {
                    "tagname": "I am unwell",
                    "description": "You're feeling unwell, or you're on the Home Recovery Programme. Here are some top questions others have asked.",
                    "tagType": "TOPIC",
                    "posttag": {
                        "createdAt": "2021-10-14T14:12:52.000Z",
                        "updatedAt": "2021-10-14T14:12:52.000Z",
                        "postId": 513,
                        "tagId": 35
                    }
                }
            ],
            "user": {
                "username": "Timothy_TAY@moh.gov.sg"
            },
            "answers": [
                {
                    "id": 508,
                    "body": "<p>While waiting for your test result, you should immediately return home and self-isolate in a room, preferably with an attached bathroom, until you receive your result.</p>\n<p>Please minimise interactions with your household members.</p>\n<p>Your household members may continue with their regular activities.</p>\n",
                    "createdAt": "2021-10-14T14:12:52.000Z",
                    "updatedAt": "2022-02-16T12:17:44.000Z",
                    "userId": 33,
                    "postId": 513
                }
            ],
            "topic": {
                "name": "I am unwell",
                "description": "You're feeling unwell, or you're on the Home Recovery Programme. Here are some top questions others have asked."
            }
        },
        {
            "id": 426,
            "userId": 13,
            "title": "How should I manage my daily necessities during home recovery?",
            "description": "",
            "createdAt": "2021-09-29T08:13:26.000Z",
            "views": 9336,
            "answerCount": 1,
            "topicId": 35,
            "agencyId": 5,
            "tags": [
                {
                    "tagname": "moh",
                    "description": "Ministry of Health",
                    "tagType": "AGENCY",
                    "posttag": {
                        "createdAt": "2021-10-08T08:35:35.000Z",
                        "updatedAt": "2021-10-08T08:35:35.000Z",
                        "postId": 426,
                        "tagId": 22
                    }
                },
                {
                    "tagname": "I am unwell",
                    "description": "You're feeling unwell, or you're on the Home Recovery Programme. Here are some top questions others have asked.",
                    "tagType": "TOPIC",
                    "posttag": {
                        "createdAt": "2021-10-08T08:35:35.000Z",
                        "updatedAt": "2021-10-08T08:35:35.000Z",
                        "postId": 426,
                        "tagId": 35
                    }
                }
            ],
            "user": {
                "username": "alwyn.tan@open.gov.sg"
            },
            "answers": [
                {
                    "id": 421,
                    "body": "<p>You should perform contactless transactions and ensure items are bagged securely to reduce exposure to others. This means food/groceries will need to be delivered for the household. You should also maintain a high level of personal hygiene by washing your hands regularly with soap and practice good bathroom etiquette, e.g. close the lid before you flush.&nbsp;</p>\n<p>For other instances where you need to perform daily functions from within the room, for example, collect meals, have laundry changed or clear trash, below are simple tips that you can follow, so as to ensure the safety of your household members supporting you with managing these daily necessities:</p>\n<ul>\n<li>Ensure no one from the household is near the doorway to your room</li>\n<li>Put on a surgical mask before opening the door</li>\n<li>Handle your items in ways to reduce the need for family members to come into direct contact with them as much as possible, such as:</li>\n<ul>\n<li>Dedicate a set of utensils for your meals, do not share dishes, drinking cups, cutlery etc. Your family may wash your used utensils together with theirs;&nbsp;</li>\n<li>Place your laundry in a bag at your door. Your family may wash your soiled laundry together with theirs, but they should empty your bag of laundry directly into the washing machine and avoid handling your soiled clothes with their bare hands;</li>\n<li>Place your secured, double-bagged trash at the door for your family to help dispose of. Your family should throw the bag directly into the rubbish chute immediately;</li>\n</ul>\n<li>Inform the other members of the household of the above, so they can collect the rubbish/laundry/eating utensils</li>\n<li>Wash your hands with soap and water regularly or where applicable.</li>\n</ul>\n<p>If you do not have an attached bathroom within the isolation room, ensure everyone practices proper hygiene and disinfects the bathroom after each use. These are some examples to help the household manage:&nbsp;</p>\n<ul>\n<li>designate specific bathroom for the patient’s usage and other household members should use another bathroom;</li>\n<li>if a single bathroom has to be shared, after use, lower the lid before flushing. User should clean and disinfect after each use for contact surfaces and do not use for at least 20 minutes immediately after the patient’s usage.&nbsp;</li>\n</ul>\n<p>If you live alone and need to collect deliveries at the door, below are simple tips that you can follow:</p>\n<ul>\n<li>Place a hook at the door and ask the delivery man to hang the delivered groceries or food there for contactless delivery;</li>\n<li>Ensure that the delivery man has left and no one is within the vicinity of your doorway;</li>\n<li>Put on a surgical mask before opening the door;</li>\n<li>Collect your deliveries and close the door;</li>\n<li>Do not interact with anyone;</li>\n<li>Wash your hands with soap and water regularly or where applicable.</li>\n</ul>\n",
                    "createdAt": "2021-09-29T08:13:26.000Z",
                    "updatedAt": "2021-10-08T08:35:35.000Z",
                    "userId": 13,
                    "postId": 426
                }
            ],
            "topic": {
                "name": "I am unwell",
                "description": "You're feeling unwell, or you're on the Home Recovery Programme. Here are some top questions others have asked."
            }
        },
        {
            "id": 567,
            "userId": 33,
            "title": "My household member and I are serving separate self-isolation at home. Can we self-isolate together in the same home? How do we exit isolation?",
            "description": "",
            "createdAt": "2021-11-16T08:37:24.000Z",
            "views": 8159,
            "answerCount": 1,
            "topicId": 35,
            "agencyId": 5,
            "tags": [],
            "user": {
                "username": "Timothy_TAY@moh.gov.sg"
            },
            "answers": [
                {
                    "id": 562,
                    "body": "<p>Yes, you may self-isolate with your household member in the same home.</p>\n<p>Each of you may exit self-isolation (a) if you test negative on an ART self-administered, or (b) on Day 7 (if fully vaccinated or below 12 years old) or Day 14 (if unvaccinated/partially vaccinated and aged 12 and above) without a need to test, whichever is earlier.  Days are counted starting with the day you first tested positive as Day 1.</p>\n",
                    "createdAt": "2021-11-16T08:37:24.000Z",
                    "updatedAt": "2022-02-16T12:23:22.000Z",
                    "userId": 33,
                    "postId": 567
                }
            ],
            "topic": {
                "name": "I am unwell",
                "description": "You're feeling unwell, or you're on the Home Recovery Programme. Here are some top questions others have asked."
            }
        },
        {
            "id": 423,
            "userId": 32,
            "title": "What health precautions should I observe when I'm on Home Recovery? ",
            "description": "",
            "createdAt": "2021-09-28T09:42:27.000Z",
            "views": 7956,
            "answerCount": 1,
            "topicId": 35,
            "agencyId": 5,
            "tags": [
                {
                    "tagname": "moh",
                    "description": "Ministry of Health",
                    "tagType": "AGENCY",
                    "posttag": {
                        "createdAt": "2021-10-08T08:35:56.000Z",
                        "updatedAt": "2021-10-08T08:35:56.000Z",
                        "postId": 423,
                        "tagId": 22
                    }
                },
                {
                    "tagname": "I am unwell",
                    "description": "You're feeling unwell, or you're on the Home Recovery Programme. Here are some top questions others have asked.",
                    "tagType": "TOPIC",
                    "posttag": {
                        "createdAt": "2021-10-08T08:35:57.000Z",
                        "updatedAt": "2021-10-08T08:35:57.000Z",
                        "postId": 423,
                        "tagId": 35
                    }
                }
            ],
            "user": {
                "username": "alexis@open.gov.sg"
            },
            "answers": [
                {
                    "id": 418,
                    "body": "<p>Here's a set of guidelines you should observe while on Home Recovery to minimise risk of transmission:</p>\n<ul>\n<li>Self-isolate in your room, preferably with an attached bathroom.&nbsp;</li>\n<li>Ensure that there is no face-to-face contact with other household members while receiving food and other items by getting household members to leave the items outside your room door. Wear a surgical mask and ensure that nobody is outside the door before opening the door.</li>\n<li>For groceries and food, use contactless food and grocery deliveries, or get help from relatives and friends not from your household.</li>\n<li>If you live alone and you need to collect deliveries, ensure no one is outside the door and do not interact with anyone. Wear a surgical mask before opening the door.</li>\n<li>If you need to leave your room, to protect your household members: wear a surgical mask before opening your room door.&nbsp;</li>\n<li>Use a dedicated set of utensils for your meals, do not share. Your family may wash your utensils, but they should avoid handling your utensils directly with their hands.</li>\n<li>Your family may wash your laundry together with theirs, but they should empty your bag of laundry directly into the washing machine and avoid handling your clothes directly with their hands.</li>\n<li>If you do not have an attached bathroom:</li>\n<ul>\n<li>Designate a specific bathroom for the patient's usage and other household members should use another bathroom.</li>\n<li>If a single bath room has to be shared, clean and disinfect after each use and do not use for at least 20 minutes immediately after the patient' s usage.</li>\n<li>Close the lid before flushing.</li>\n</ul>\n</ul>\n<p>Please refer to the <a href=\"https://www.nea.gov.sg/our-services/public-cleanliness/environmental-cleaning-guidelines/guidelines/cleaning-and-disinfection-guidelines-for-households-on-home-recovery\" target=\"_blank\">cleaning guidelines</a>  issued by the National Environmental Agency for further information.</p>\n",
                    "createdAt": "2021-09-28T09:42:27.000Z",
                    "updatedAt": "2022-01-21T09:36:05.000Z",
                    "userId": 32,
                    "postId": 423
                }
            ],
            "topic": {
                "name": "I am unwell",
                "description": "You're feeling unwell, or you're on the Home Recovery Programme. Here are some top questions others have asked."
            }
        },
        {
            "id": 823,
            "userId": 48,
            "title": "My symptoms are not severe. Why am I placed under Protocol 1?",
            "description": "",
            "createdAt": "2022-01-07T03:02:40.000Z",
            "views": 7507,
            "answerCount": 1,
            "topicId": 35,
            "agencyId": 5,
            "tags": [],
            "user": {
                "username": "ifa_alisha_wahid@moh.gov.sg"
            },
            "answers": [
                {
                    "id": 818,
                    "body": "<p>MOH defers to the medical practitioner’s clinical judgement in deciding the severity of your symptoms and risk profile.  Please follow the advice of your health professional/ doctor. If you have any concerns, please speak with your doctor.</p>\n",
                    "createdAt": "2022-01-07T03:02:40.000Z",
                    "updatedAt": "2022-01-07T03:02:40.000Z",
                    "userId": 48,
                    "postId": 823
                }
            ],
            "topic": {
                "name": "I am unwell",
                "description": "You're feeling unwell, or you're on the Home Recovery Programme. Here are some top questions others have asked."
            }
        },
        {
            "id": 794,
            "userId": 48,
            "title": "If I have travelled to countries affected by the Omicron variant recently and have developed symptoms. What should I do? ",
            "description": "",
            "createdAt": "2021-12-08T09:33:20.000Z",
            "views": 977,
            "answerCount": 1,
            "topicId": 35,
            "agencyId": 5,
            "tags": [],
            "user": {
                "username": "ifa_alisha_wahid@moh.gov.sg"
            },
            "answers": [
                {
                    "id": 789,
                    "body": "<p>The approach to all patients who are symptomatic with acute respiratory infection symptoms remains unchanged. You should see a doctor at a Swab and Send Home Clinic, and there is no need to go to the Emergency Department for a review unless you are seriously unwell, such as having shortness of breath or chest pain. If the clinic determines you have symptoms suggestive of COVID-19, you will be tested with an antigen rapid test (ART) and/or a PCR swab.</p>\n",
                    "createdAt": "2021-12-08T09:33:20.000Z",
                    "updatedAt": "2021-12-08T09:33:20.000Z",
                    "userId": 48,
                    "postId": 794
                }
            ],
            "topic": {
                "name": "I am unwell",
                "description": "You're feeling unwell, or you're on the Home Recovery Programme. Here are some top questions others have asked."
            }
        },
        {
            "id": 909,
            "userId": 48,
            "title": "I am a dialysis patient. I tested positive on an Antigen Rapid Test (ART) self-test. What should I do?",
            "description": "",
            "createdAt": "2022-03-02T01:28:49.000Z",
            "views": 936,
            "answerCount": 1,
            "topicId": 35,
            "agencyId": 5,
            "tags": [],
            "user": {
                "username": "ifa_alisha_wahid@moh.gov.sg"
            },
            "answers": [
                {
                    "id": 904,
                    "body": "<p>Upon testing positive on ART self-test, please do the following:</p>\n<p>a.\tGo for a confirmatory PCR test at any <a href=\"http://phpc.gov.sg\" target=\"_blank\">SASH</a>  clinic or Community Test Centre (CTC). It is important to also inform them that you are a dialysis patient so that you fall under Protocol 1;</p>\n<p>b.\tPlease report your ART positive result to your usual renal provider (i.e. the dialysis centre);</p>\n<p>c.\tYour dialysis centre should then make arrangements to ensure that you attend your next dialysis session without delay. Please contact your dialysis centre to ensure that you do not miss your dialysis session whilst you wait for your PCR test results.</p>\n",
                    "createdAt": "2022-03-02T01:28:49.000Z",
                    "updatedAt": "2022-03-02T01:28:49.000Z",
                    "userId": 48,
                    "postId": 909
                }
            ],
            "topic": {
                "name": "I am unwell",
                "description": "You're feeling unwell, or you're on the Home Recovery Programme. Here are some top questions others have asked."
            }
        },
        {
            "id": 911,
            "userId": 48,
            "title": "I am a dialysis patient. Where do I go for my dialysis when I am found to be PCR positive?",
            "description": "",
            "createdAt": "2022-03-02T01:35:09.000Z",
            "views": 569,
            "answerCount": 1,
            "topicId": 35,
            "agencyId": 5,
            "tags": [],
            "user": {
                "username": "ifa_alisha_wahid@moh.gov.sg"
            },
            "answers": [
                {
                    "id": 906,
                    "body": "<p>Once you receive your PCR positive result, please update your renal provider immediately to inform them. Whilst waiting for the Telemedicine provider to contact you, your renal provider will continue to arrange your dialysis session and inform you of the venue and dialysis appointment time*. Your renal provider will also arrange for transport with MOH Case Management Task Group (CMTG) or SMRT STRIDES to pick you up 45 minutes before the dialysis session, and send you back home after your dialysis session.</p>\n<p>Please refer to the table for a summary of the respective venues for dialysis for haemodialysis patients with COVID-19.</p>\n<img src=\"https://files.ask.gov.sg/image001-fmgkvd.png\" alt=\"Venues of dialysis\" style=\"height: auto;width: 100%\"/>\n<p><em>*This is applicable for COVID-19 positive (C+) dialysis patients who are placed on the Home Recovery Programme (HRP) or Hospital-at-Home (H@H) Programme; (ii) ART positive patients who are awaiting PCR results; (iii) C+ patients who are awaiting conveyance to hospital or COVID-19 Treatment Facilities (CTF) for admission; and (iv) C+ patients who have refused admission into hospital/CTF and have signed a Letter of Undertaking (LOU).</em></p>\n",
                    "createdAt": "2022-03-02T01:35:09.000Z",
                    "updatedAt": "2022-03-02T01:42:23.000Z",
                    "userId": 48,
                    "postId": 911
                }
            ],
            "topic": {
                "name": "I am unwell",
                "description": "You're feeling unwell, or you're on the Home Recovery Programme. Here are some top questions others have asked."
            }
        },
        {
            "id": 913,
            "userId": 48,
            "title": "I am a dialysis patient. What should I do if I become unwell?",
            "description": "",
            "createdAt": "2022-03-02T01:45:13.000Z",
            "views": 250,
            "answerCount": 1,
            "topicId": 35,
            "agencyId": 5,
            "tags": [],
            "user": {
                "username": "ifa_alisha_wahid@moh.gov.sg"
            },
            "answers": [
                {
                    "id": 908,
                    "body": "<p>Please visit a <a href=\"http://phpc.gov.sg\" target=\"_blank\">doctor</a>  if you are feeling unwell (e.g. having symptoms such as fever, cough, sore throat).&nbsp;</p>\n<p>You should only call 995 if you are experiencing <a href=\"https://ask.gov.sg/questions/820\" target=\"_blank\">severe symptoms</a>  such as chest pain, shortness of breath, etc.</p>\n<p>Do inform your renal provider if you have been conveyed to hospital for further treatment.</p>\n<p></p>\n",
                    "createdAt": "2022-03-02T01:45:13.000Z",
                    "updatedAt": "2022-03-02T01:45:13.000Z",
                    "userId": 48,
                    "postId": 913
                }
            ],
            "topic": {
                "name": "I am unwell",
                "description": "You're feeling unwell, or you're on the Home Recovery Programme. Here are some top questions others have asked."
            }
        },
        {
            "id": 910,
            "userId": 48,
            "title": "I am a dialysis patient. What should I do after receiving a SMS informing me that I am PCR positive?",
            "description": "",
            "createdAt": "2022-03-02T01:29:23.000Z",
            "views": 237,
            "answerCount": 1,
            "topicId": 35,
            "agencyId": 5,
            "tags": [],
            "user": {
                "username": "ifa_alisha_wahid@moh.gov.sg"
            },
            "answers": [
                {
                    "id": 905,
                    "body": "<p>You will be contacted by a Telemedicine provider, who will assess whether you should be placed under HRP, or conveyed to a COVID-19 treatment facility (CTF), or sent to one of the hospitals.</p>\n",
                    "createdAt": "2022-03-02T01:29:23.000Z",
                    "updatedAt": "2022-03-02T01:29:23.000Z",
                    "userId": 48,
                    "postId": 910
                }
            ],
            "topic": {
                "name": "I am unwell",
                "description": "You're feeling unwell, or you're on the Home Recovery Programme. Here are some top questions others have asked."
            }
        },
        {
            "id": 912,
            "userId": 48,
            "title": "I am a dialysis patient. I did not dialyse at my usual dialysis centre after testing COVID-positive*. When can I go back to my own dialysis centre?",
            "description": "<p>*E.g. I was admitted to the hospital and underwent dialysis there or MOH/my dialysis centre had arranged for my dialysis sessions somewhere else</p>\n",
            "createdAt": "2022-03-02T01:43:46.000Z",
            "views": 235,
            "answerCount": 1,
            "topicId": 35,
            "agencyId": 5,
            "tags": [],
            "user": {
                "username": "ifa_alisha_wahid@moh.gov.sg"
            },
            "answers": [
                {
                    "id": 907,
                    "body": "<p>You may exit self-isolation and go back to your usual community renal dialysis centre if you:</p>\n<p>a)\ttest negative on an ART self-administered after 72 hours from your positive test result <strong>and </strong>asymptomatic; or&nbsp;</p>\n<p>b)\ton Day 7 (if fully vaccinated) or Day 14 (if unvaccinated/partially vaccinated and aged 12 and above) <strong>and</strong> asymptomatic, without a need to test, whichever is earlier</p>\n",
                    "createdAt": "2022-03-02T01:43:46.000Z",
                    "updatedAt": "2022-03-02T01:43:46.000Z",
                    "userId": 48,
                    "postId": 912
                }
            ],
            "topic": {
                "name": "I am unwell",
                "description": "You're feeling unwell, or you're on the Home Recovery Programme. Here are some top questions others have asked."
            }
        }
    ],
    "totalItems": 27
}