{
    "posts": [
        {
            "id": 895,
            "userId": 48,
            "title": "I was tested C+ and am fully vaccinated. I am still C+ on Day 7, can I really automatically self-discharge on Day 7?",
            "description": "",
            "createdAt": "2022-02-07T13:24:52.000Z",
            "views": 138729,
            "answerCount": 1,
            "topicId": 24,
            "agencyId": 5,
            "tags": [],
            "user": {
                "username": "ifa_alisha_wahid@moh.gov.sg"
            },
            "answers": [
                {
                    "id": 890,
                    "body": "<p>Yes, you can. For the unvaccinated, you can also automatically self-discharge on Day 14. You are highly unlikely to be infectious by this time.</p>\n",
                    "createdAt": "2022-02-07T13:24:53.000Z",
                    "updatedAt": "2022-02-07T13:24:53.000Z",
                    "userId": 48,
                    "postId": 895
                }
            ],
            "topic": {
                "name": "Getting Tested",
                "description": "Is frequent swabbing harmful to me? Where can I find a SASH clinic? All your questions about getting tested answered here."
            }
        },
        {
            "id": 896,
            "userId": 48,
            "title": "If I am on Protocol 1, how do I prove my recovered status* after 72 hours but the recovery memo is sent out only on Day 7/Day 14?",
            "description": "<p>*when I am swabbed ART negative</p>\n",
            "createdAt": "2022-02-07T13:26:57.000Z",
            "views": 91457,
            "answerCount": 1,
            "topicId": 24,
            "agencyId": 5,
            "tags": [],
            "user": {
                "username": "ifa_alisha_wahid@moh.gov.sg"
            },
            "answers": [
                {
                    "id": 891,
                    "body": "<p>There should be no need for a recovery memo. You can show your ART- result to your employer or school as proof of your recovery status after at least 72 hours. Schools and employers are to recognise it.</p>\n",
                    "createdAt": "2022-02-07T13:26:57.000Z",
                    "updatedAt": "2022-02-07T13:26:57.000Z",
                    "userId": 48,
                    "postId": 896
                }
            ],
            "topic": {
                "name": "Getting Tested",
                "description": "Is frequent swabbing harmful to me? Where can I find a SASH clinic? All your questions about getting tested answered here."
            }
        },
        {
            "id": 485,
            "userId": 32,
            "title": "Where can I find a Swab and Send Home (SASH) Clinic? ",
            "description": "",
            "createdAt": "2021-10-02T07:22:22.000Z",
            "views": 83175,
            "answerCount": 1,
            "topicId": 24,
            "agencyId": 5,
            "tags": [
                {
                    "tagname": "moh",
                    "description": "Ministry of Health",
                    "tagType": "AGENCY",
                    "posttag": {
                        "createdAt": "2021-10-08T09:01:55.000Z",
                        "updatedAt": "2021-10-08T09:01:55.000Z",
                        "postId": 485,
                        "tagId": 22
                    }
                },
                {
                    "tagname": "Getting Tested",
                    "description": "Is frequent swabbing harmful to me? Where can I find a SASH clinic? All your questions about getting tested answered here.",
                    "tagType": "TOPIC",
                    "posttag": {
                        "createdAt": "2021-10-08T09:01:55.000Z",
                        "updatedAt": "2021-10-08T09:01:55.000Z",
                        "postId": 485,
                        "tagId": 24
                    }
                }
            ],
            "user": {
                "username": "alexis@open.gov.sg"
            },
            "answers": [
                {
                    "id": 480,
                    "body": "<p>Please visit <a href=\"https://phpc.gov.sg/\" target=\"_blank\">this page</a>  to find SASH clinics.</p>\n",
                    "createdAt": "2021-10-02T07:22:23.000Z",
                    "updatedAt": "2021-10-08T09:01:55.000Z",
                    "userId": 32,
                    "postId": 485
                }
            ],
            "topic": {
                "name": "Getting Tested",
                "description": "Is frequent swabbing harmful to me? Where can I find a SASH clinic? All your questions about getting tested answered here."
            }
        },
        {
            "id": 519,
            "userId": 33,
            "title": "Where can I get more Antigen Rapid Test (ART) self-test kits if I have used up the kits provided by MOH?",
            "description": "",
            "createdAt": "2021-10-18T08:41:18.000Z",
            "views": 63720,
            "answerCount": 1,
            "topicId": 24,
            "agencyId": 5,
            "tags": [
                {
                    "tagname": "moh",
                    "description": "Ministry of Health",
                    "tagType": "AGENCY",
                    "posttag": {
                        "createdAt": "2021-10-18T08:41:18.000Z",
                        "updatedAt": "2021-10-18T08:41:18.000Z",
                        "postId": 519,
                        "tagId": 22
                    }
                },
                {
                    "tagname": "Getting Tested",
                    "description": "Is frequent swabbing harmful to me? Where can I find a SASH clinic? All your questions about getting tested answered here.",
                    "tagType": "TOPIC",
                    "posttag": {
                        "createdAt": "2021-10-18T08:41:18.000Z",
                        "updatedAt": "2021-10-18T08:41:18.000Z",
                        "postId": 519,
                        "tagId": 24
                    }
                }
            ],
            "user": {
                "username": "Timothy_TAY@moh.gov.sg"
            },
            "answers": [
                {
                    "id": 514,
                    "body": "<p>The Antigen Rapid Test (ART) self-test kits can be purchased from various community retail pharmacies, general retail shops, as well as e-commerce platforms.</p>\n<p>If you are unable to leave your home, you may arrange for family, friends or relatives to help you purchase them. Alternatively, you may purchase them online and have it delivered to you.</p>\n<p>Please refer to Health Science Authority (HSA)’s <a href=\"https://www.hsa.gov.sg/consumer-safety/articles/covid19_ARTselftests\" target=\"_blank\">website</a>  for the list of authorised self-test kits.</p>\n",
                    "createdAt": "2021-10-18T08:41:18.000Z",
                    "updatedAt": "2021-10-18T08:41:18.000Z",
                    "userId": 33,
                    "postId": 519
                }
            ],
            "topic": {
                "name": "Getting Tested",
                "description": "Is frequent swabbing harmful to me? Where can I find a SASH clinic? All your questions about getting tested answered here."
            }
        },
        {
            "id": 406,
            "userId": 13,
            "title": "Is frequent Antigen Rapid Test (ART) swabbing harmful to me?",
            "description": "",
            "createdAt": "2021-09-28T07:17:02.000Z",
            "views": 29544,
            "answerCount": 1,
            "topicId": 24,
            "agencyId": 5,
            "tags": [
                {
                    "tagname": "moh",
                    "description": "Ministry of Health",
                    "tagType": "AGENCY",
                    "posttag": {
                        "createdAt": "2021-10-22T08:47:39.000Z",
                        "updatedAt": "2021-10-22T08:47:39.000Z",
                        "postId": 406,
                        "tagId": 22
                    }
                },
                {
                    "tagname": "Getting Tested",
                    "description": "Is frequent swabbing harmful to me? Where can I find a SASH clinic? All your questions about getting tested answered here.",
                    "tagType": "TOPIC",
                    "posttag": {
                        "createdAt": "2021-10-22T08:47:39.000Z",
                        "updatedAt": "2021-10-22T08:47:39.000Z",
                        "postId": 406,
                        "tagId": 24
                    }
                }
            ],
            "user": {
                "username": "alwyn.tan@open.gov.sg"
            },
            "answers": [
                {
                    "id": 401,
                    "body": "<p>Frequent swabbing will do no harm.</p>\n<p>Antigen Rapid Test (ART) swabs are inserted at around 2cm into the nostril. However, if you have had recent facial surgery or frequent nose bleeds, you are advised to visit a <a href=\"https://www.moh.gov.sg/licensing-and-regulation/regulations-guidelines-and-circulars/details/list-of-covid-19-swab-providers\" target=\"_blank\">licensed ART provider</a>  to have a professional perform the ART for you.</p>\n<p>If you are feeling unwell, with symptoms such as fever, cough, sore throat, please seek medical attention at your nearest <a href=\"https://phpc.gov.sg\" target=\"_blank\">Swab and Send Home (SASH)</a>  clinic. Please do not perform any ART self-testing if you are unwell.</p>\n",
                    "createdAt": "2021-09-28T07:17:02.000Z",
                    "updatedAt": "2021-10-22T08:47:39.000Z",
                    "userId": 13,
                    "postId": 406
                }
            ],
            "topic": {
                "name": "Getting Tested",
                "description": "Is frequent swabbing harmful to me? Where can I find a SASH clinic? All your questions about getting tested answered here."
            }
        },
        {
            "id": 507,
            "userId": 33,
            "title": "How do I use the Antigen Rapid Test (ART) self-test kits?",
            "description": "",
            "createdAt": "2021-10-11T07:46:57.000Z",
            "views": 24867,
            "answerCount": 1,
            "topicId": 24,
            "agencyId": 5,
            "tags": [
                {
                    "tagname": "moh",
                    "description": "Ministry of Health",
                    "tagType": "AGENCY",
                    "posttag": {
                        "createdAt": "2021-10-18T08:41:54.000Z",
                        "updatedAt": "2021-10-18T08:41:54.000Z",
                        "postId": 507,
                        "tagId": 22
                    }
                },
                {
                    "tagname": "Getting Tested",
                    "description": "Is frequent swabbing harmful to me? Where can I find a SASH clinic? All your questions about getting tested answered here.",
                    "tagType": "TOPIC",
                    "posttag": {
                        "createdAt": "2021-10-18T08:41:54.000Z",
                        "updatedAt": "2021-10-18T08:41:54.000Z",
                        "postId": 507,
                        "tagId": 24
                    }
                }
            ],
            "user": {
                "username": "Timothy_TAY@moh.gov.sg"
            },
            "answers": [
                {
                    "id": 502,
                    "body": "<p>You may refer to the instructions on the Antigen Rapid Test (ART) self-test kits.</p>\n<p>Click <a href=\"https://www.moh.gov.sg/covid-19/selftestart\" target=\"_blank\">here</a>  for more information about ART self-testing.</p>\n",
                    "createdAt": "2021-10-11T07:46:57.000Z",
                    "updatedAt": "2022-01-25T07:16:59.000Z",
                    "userId": 33,
                    "postId": 507
                }
            ],
            "topic": {
                "name": "Getting Tested",
                "description": "Is frequent swabbing harmful to me? Where can I find a SASH clinic? All your questions about getting tested answered here."
            }
        },
        {
            "id": 506,
            "userId": 33,
            "title": "Are there any age restrictions on the use of the Antigen Rapid Test (ART) kits?",
            "description": "",
            "createdAt": "2021-10-11T07:45:31.000Z",
            "views": 23761,
            "answerCount": 1,
            "topicId": 24,
            "agencyId": 5,
            "tags": [
                {
                    "tagname": "moh",
                    "description": "Ministry of Health",
                    "tagType": "AGENCY",
                    "posttag": {
                        "createdAt": "2021-10-27T09:15:09.000Z",
                        "updatedAt": "2021-10-27T09:15:09.000Z",
                        "postId": 506,
                        "tagId": 22
                    }
                },
                {
                    "tagname": "Getting Tested",
                    "description": "Is frequent swabbing harmful to me? Where can I find a SASH clinic? All your questions about getting tested answered here.",
                    "tagType": "TOPIC",
                    "posttag": {
                        "createdAt": "2021-10-27T09:15:09.000Z",
                        "updatedAt": "2021-10-27T09:15:09.000Z",
                        "postId": 506,
                        "tagId": 24
                    }
                }
            ],
            "user": {
                "username": "Timothy_TAY@moh.gov.sg"
            },
            "answers": [
                {
                    "id": 501,
                    "body": "<p>Generally, those below 12 years old will require an adult's assistance to administer the ART self-test.</p>\n<p>Please refer to the manufacturer's instructions provided within the ART self-test kits for usage instructions and other specifications.&nbsp;</p>\n<p>The following two brands of ART may be administered by parents/ caregivers on children under 2 years old:</p>\n<ul>\n<li>Abbott Panbio COVID-19 Antigen Self-Test</li>\n<li>Acon Biotech Flowflex SARS-CoV-2 Antigen Rapid Test (Self-Testing)</li>\n</ul>\n",
                    "createdAt": "2021-10-11T07:45:31.000Z",
                    "updatedAt": "2022-02-28T02:57:38.000Z",
                    "userId": 33,
                    "postId": 506
                }
            ],
            "topic": {
                "name": "Getting Tested",
                "description": "Is frequent swabbing harmful to me? Where can I find a SASH clinic? All your questions about getting tested answered here."
            }
        },
        {
            "id": 897,
            "userId": 48,
            "title": " I am self-tested as ART+. How can I prove that I am a recovered patient if I self-isolated but did not see a doctor?",
            "description": "",
            "createdAt": "2022-02-07T13:30:14.000Z",
            "views": 19372,
            "answerCount": 1,
            "topicId": 24,
            "agencyId": 5,
            "tags": [],
            "user": {
                "username": "ifa_alisha_wahid@moh.gov.sg"
            },
            "answers": [
                {
                    "id": 892,
                    "body": "<p>“Self-test and recovery” has its advantages, because you can exit isolation and resume normal activities as soon as possible. Your contacts will not be subject to a Health Risk Notice. However, there is also no official record of your infection. If the objective of an official infection record is to be exempted from the booster dose, we encourage you to take the booster anyway so as to have proper protection.</p>\n",
                    "createdAt": "2022-02-07T13:30:14.000Z",
                    "updatedAt": "2022-02-16T12:59:23.000Z",
                    "userId": 48,
                    "postId": 897
                }
            ],
            "topic": {
                "name": "Getting Tested",
                "description": "Is frequent swabbing harmful to me? Where can I find a SASH clinic? All your questions about getting tested answered here."
            }
        },
        {
            "id": 516,
            "userId": 33,
            "title": "My household did not receive the Antigen Rapid Test (ART) kits during the first distribution. What should I do?",
            "description": "",
            "createdAt": "2021-10-18T08:36:39.000Z",
            "views": 12532,
            "answerCount": 1,
            "topicId": 24,
            "agencyId": 5,
            "tags": [
                {
                    "tagname": "moh",
                    "description": "Ministry of Health",
                    "tagType": "AGENCY",
                    "posttag": {
                        "createdAt": "2021-11-02T10:14:33.000Z",
                        "updatedAt": "2021-11-02T10:14:33.000Z",
                        "postId": 516,
                        "tagId": 22
                    }
                },
                {
                    "tagname": "Getting Tested",
                    "description": "Is frequent swabbing harmful to me? Where can I find a SASH clinic? All your questions about getting tested answered here.",
                    "tagType": "TOPIC",
                    "posttag": {
                        "createdAt": "2021-11-02T10:14:33.000Z",
                        "updatedAt": "2021-11-02T10:14:33.000Z",
                        "postId": 516,
                        "tagId": 24
                    }
                }
            ],
            "user": {
                "username": "Timothy_TAY@moh.gov.sg"
            },
            "answers": [
                {
                    "id": 511,
                    "body": "<p>MOH completed the first nationwide distribution of ART kits to all households from 28 Aug to 27 Sep 2021.</p>\n<p>Residents staying in commercial or mixed-use developments may not have received the kits, as they were initially only delivered to residential units.</p>\n<p>If you have not received your ART kits, please contact SingPost at <a href=\"tel:1605\" target=\"_blank\">1605</a>  or <a href=\"mailto:MOHSupport@singpost.com\" target=\"_blank\">email</a>  them for assistance. Once address verification has been done, SingPost will deliver the ART kits within five working days.</p>\n",
                    "createdAt": "2021-10-18T08:36:39.000Z",
                    "updatedAt": "2021-11-02T10:14:33.000Z",
                    "userId": 33,
                    "postId": 516
                }
            ],
            "topic": {
                "name": "Getting Tested",
                "description": "Is frequent swabbing harmful to me? Where can I find a SASH clinic? All your questions about getting tested answered here."
            }
        },
        {
            "id": 505,
            "userId": 33,
            "title": "Who can use the Antigen Rapid Test (ART) kits?",
            "description": "",
            "createdAt": "2021-10-11T07:26:50.000Z",
            "views": 9547,
            "answerCount": 1,
            "topicId": 24,
            "agencyId": 5,
            "tags": [
                {
                    "tagname": "moh",
                    "description": "Ministry of Health",
                    "tagType": "AGENCY",
                    "posttag": {
                        "createdAt": "2021-10-27T09:14:39.000Z",
                        "updatedAt": "2021-10-27T09:14:39.000Z",
                        "postId": 505,
                        "tagId": 22
                    }
                },
                {
                    "tagname": "Getting Tested",
                    "description": "Is frequent swabbing harmful to me? Where can I find a SASH clinic? All your questions about getting tested answered here.",
                    "tagType": "TOPIC",
                    "posttag": {
                        "createdAt": "2021-10-27T09:14:39.000Z",
                        "updatedAt": "2021-10-27T09:14:39.000Z",
                        "postId": 505,
                        "tagId": 24
                    }
                }
            ],
            "user": {
                "username": "Timothy_TAY@moh.gov.sg"
            },
            "answers": [
                {
                    "id": 500,
                    "body": "<p>You can administer the ART self-test kits for anyone aged 2 and above.</p>\n<p>If you are unwell, e.g. with symptoms such as fever, cough, sore throat, please do not perform the ART self-test. See a <a href=\"http://phpc.gov.sg\" target=\"_blank\">doctor</a> instead.</p>\n<p>Please do not perform the self-test if you had:</p>\n<ul>\n<li>A nosebleed in the last 24 hours</li>\n<li>Nasal surgery in the last 4 weeks</li>\n<li>Facial surgery in the last 8 weeks</li>\n</ul>\n",
                    "createdAt": "2021-10-11T07:26:50.000Z",
                    "updatedAt": "2021-11-09T03:45:24.000Z",
                    "userId": 33,
                    "postId": 505
                }
            ],
            "topic": {
                "name": "Getting Tested",
                "description": "Is frequent swabbing harmful to me? Where can I find a SASH clinic? All your questions about getting tested answered here."
            }
        },
        {
            "id": 837,
            "userId": 48,
            "title": "Do I have to pay for the ART and consultation? How much does it cost?",
            "description": "",
            "createdAt": "2022-01-07T03:33:54.000Z",
            "views": 9439,
            "answerCount": 1,
            "topicId": 24,
            "agencyId": 5,
            "tags": [],
            "user": {
                "username": "ifa_alisha_wahid@moh.gov.sg"
            },
            "answers": [
                {
                    "id": 832,
                    "body": "<p>If your doctor has assessed that you need to take an ART, this will be funded by the government if you visit a Public Health Preparedness Clinic (PHPC). You can find more details at <a href=\"http://www.phpc.gov.sg\" target=\"_blank\">www.phpc.gov.sg</a>. You can also check with your doctor for more details.</p>\n",
                    "createdAt": "2022-01-07T03:33:55.000Z",
                    "updatedAt": "2022-01-07T03:33:55.000Z",
                    "userId": 48,
                    "postId": 837
                }
            ],
            "topic": {
                "name": "Getting Tested",
                "description": "Is frequent swabbing harmful to me? Where can I find a SASH clinic? All your questions about getting tested answered here."
            }
        },
        {
            "id": 796,
            "userId": 48,
            "title": "How would persons be tested for the Omicron variant?",
            "description": "",
            "createdAt": "2021-12-08T09:35:50.000Z",
            "views": 7692,
            "answerCount": 1,
            "topicId": 24,
            "agencyId": 5,
            "tags": [],
            "user": {
                "username": "ifa_alisha_wahid@moh.gov.sg"
            },
            "answers": [
                {
                    "id": 791,
                    "body": "<p>Infected persons who would need to be tested for Omicron variant due to any increased risks (such as inbound travellers and their close contacts at this point in time) would be identified backend by MOH, as MOH would be aware if they had been an inbound traveller or a close contact of a suspect or confirmed Omicron case. MOH will then arrange with the laboratories for the specimens identified by MOH to be forwarded to the National Public Health Laboratory for further testing if there had been S-gene dropout/target failure and if so, to be sent further for genomic sequencing to confirm the Omicron variant.</p>\n",
                    "createdAt": "2021-12-08T09:35:50.000Z",
                    "updatedAt": "2021-12-08T09:36:42.000Z",
                    "userId": 48,
                    "postId": 796
                }
            ],
            "topic": {
                "name": "Getting Tested",
                "description": "Is frequent swabbing harmful to me? Where can I find a SASH clinic? All your questions about getting tested answered here."
            }
        },
        {
            "id": 515,
            "userId": 33,
            "title": "Who is eligible to receive the Antigen Rapid Test (ART) kits?",
            "description": "",
            "createdAt": "2021-10-18T08:35:37.000Z",
            "views": 6684,
            "answerCount": 1,
            "topicId": 24,
            "agencyId": 5,
            "tags": [
                {
                    "tagname": "moh",
                    "description": "Ministry of Health",
                    "tagType": "AGENCY",
                    "posttag": {
                        "createdAt": "2021-10-18T08:35:50.000Z",
                        "updatedAt": "2021-10-18T08:35:50.000Z",
                        "postId": 515,
                        "tagId": 22
                    }
                },
                {
                    "tagname": "Getting Tested",
                    "description": "Is frequent swabbing harmful to me? Where can I find a SASH clinic? All your questions about getting tested answered here.",
                    "tagType": "TOPIC",
                    "posttag": {
                        "createdAt": "2021-10-18T08:35:50.000Z",
                        "updatedAt": "2021-10-18T08:35:50.000Z",
                        "postId": 515,
                        "tagId": 24
                    }
                }
            ],
            "user": {
                "username": "Timothy_TAY@moh.gov.sg"
            },
            "answers": [
                {
                    "id": 510,
                    "body": "<p>All residential addresses in Singapore will receive the ART kits.</p>\n<p>Households residing in HDB flats and condominiums will receive the package in their household letterboxes.</p>\n<p>Households residing in landed properties will receive the package via doorstep delivery.</p>\n",
                    "createdAt": "2021-10-18T08:35:38.000Z",
                    "updatedAt": "2021-10-18T08:35:51.000Z",
                    "userId": 33,
                    "postId": 515
                }
            ],
            "topic": {
                "name": "Getting Tested",
                "description": "Is frequent swabbing harmful to me? Where can I find a SASH clinic? All your questions about getting tested answered here."
            }
        },
        {
            "id": 799,
            "userId": 48,
            "title": "Would the antigen rapid test (ART) kits still be able to detect the Omicron variant? ",
            "description": "",
            "createdAt": "2021-12-08T09:40:10.000Z",
            "views": 6352,
            "answerCount": 1,
            "topicId": 24,
            "agencyId": 5,
            "tags": [],
            "user": {
                "username": "ifa_alisha_wahid@moh.gov.sg"
            },
            "answers": [
                {
                    "id": 794,
                    "body": "<p>Preliminary validation by the manufacturers show that ARTs remain effective in detecting COVID-19 cases of the Omicron variant, and laboratories are doing further biochemical tests to confirm these results. These initial results lend confidence that ARTs remain effective as a method of detecting COVID-19, including Omicron cases. We will continue to monitor studies and data on this.</p>\n",
                    "createdAt": "2021-12-08T09:40:10.000Z",
                    "updatedAt": "2021-12-08T09:40:10.000Z",
                    "userId": 48,
                    "postId": 799
                }
            ],
            "topic": {
                "name": "Getting Tested",
                "description": "Is frequent swabbing harmful to me? Where can I find a SASH clinic? All your questions about getting tested answered here."
            }
        },
        {
            "id": 514,
            "userId": 33,
            "title": "Why is MOH distributing Antigen Rapid Test (ART) self-test kits? When will I receive the new kits?",
            "description": "",
            "createdAt": "2021-10-18T08:34:40.000Z",
            "views": 6188,
            "answerCount": 1,
            "topicId": 24,
            "agencyId": 5,
            "tags": [
                {
                    "tagname": "moh",
                    "description": "Ministry of Health",
                    "tagType": "AGENCY",
                    "posttag": {
                        "createdAt": "2021-10-18T08:34:40.000Z",
                        "updatedAt": "2021-10-18T08:34:40.000Z",
                        "postId": 514,
                        "tagId": 22
                    }
                },
                {
                    "tagname": "Getting Tested",
                    "description": "Is frequent swabbing harmful to me? Where can I find a SASH clinic? All your questions about getting tested answered here.",
                    "tagType": "TOPIC",
                    "posttag": {
                        "createdAt": "2021-10-18T08:34:40.000Z",
                        "updatedAt": "2021-10-18T08:34:40.000Z",
                        "postId": 514,
                        "tagId": 24
                    }
                }
            ],
            "user": {
                "username": "Timothy_TAY@moh.gov.sg"
            },
            "answers": [
                {
                    "id": 509,
                    "body": "<p>As part of our transition towards COVID-resilience, regular testing is an important part of our strategy to detect cases early and curb transmission. MOH completed the first nationwide distribution of ART kits to all households from 28 Aug to 27 Sep 2021, which provided each household with 6 ART kits.</p>\n<p>To equip households with more ART kits to enable self-testing, <strong>MOH is conducting another round of distribution from 22 Oct to 7 Dec 2021</strong>. Each household will receive 10 ART self-test kits.</p>\n<p>Beyond what we have distributed, households who need more kits to perform self-testing are strongly encouraged to purchase them. This is part of our personal and civic responsibility to ensure a safer community for all.</p>\n",
                    "createdAt": "2021-10-18T08:34:40.000Z",
                    "updatedAt": "2021-10-18T08:34:40.000Z",
                    "userId": 33,
                    "postId": 514
                }
            ],
            "topic": {
                "name": "Getting Tested",
                "description": "Is frequent swabbing harmful to me? Where can I find a SASH clinic? All your questions about getting tested answered here."
            }
        },
        {
            "id": 888,
            "userId": 48,
            "title": "I am not sure how to interpret my self-administered ART test result. What should I do?",
            "description": "",
            "createdAt": "2022-01-24T06:51:49.000Z",
            "views": 4645,
            "answerCount": 1,
            "topicId": 24,
            "agencyId": 5,
            "tags": [],
            "user": {
                "username": "ifa_alisha_wahid@moh.gov.sg"
            },
            "answers": [
                {
                    "id": 883,
                    "body": "<p>Self-administered test instructions and requirements vary with the brand of kit you have purchased. Do read the manufacturer's instructions carefully so as to use the ART test kits correctly.</p>\n<p>For example, any faint test line with a positive Control line is considered positive. To be sure, check against the manufacturer’s instructions.</p>\n<p>If you have tested positive, you should immediately stop going to work and cancel your social activities to protect others from possibly being infected with COVID-19. Self-isolate for 72 hours at home. This will allow you to safely recover, monitor your health and avoid spreading the virus further. There is no need for an MC if you have no symptoms. If a doctor has assessed you to have a mild condition, you will be given an MC to cover the expected period of rest needed for your symptoms to resolve. For more information, click <a href=\"https://www.covid.gov.sg/well-and-positive-or-condition-assessed-mild-by-doctor\" target=\"_blank\">here</a> .</p>\n",
                    "createdAt": "2022-01-24T06:51:49.000Z",
                    "updatedAt": "2022-01-24T06:51:49.000Z",
                    "userId": 48,
                    "postId": 888
                }
            ],
            "topic": {
                "name": "Getting Tested",
                "description": "Is frequent swabbing harmful to me? Where can I find a SASH clinic? All your questions about getting tested answered here."
            }
        },
        {
            "id": 797,
            "userId": 48,
            "title": "Can me or my doctor request for myself to be tested for the Omicron variant?",
            "description": "",
            "createdAt": "2021-12-08T09:37:28.000Z",
            "views": 3814,
            "answerCount": 1,
            "topicId": 24,
            "agencyId": 5,
            "tags": [],
            "user": {
                "username": "ifa_alisha_wahid@moh.gov.sg"
            },
            "answers": [
                {
                    "id": 792,
                    "body": "<p>There is no need to test for the Omicron variant as part of routine COVID-19 testing. Currently, infected persons who would need to be tested for Omicron variant due to any increased risks would be identified backend by MOH. MOH will then arrange for the necessary testing to be done for the specimens of these persons.</p>\n",
                    "createdAt": "2021-12-08T09:37:28.000Z",
                    "updatedAt": "2021-12-08T09:37:28.000Z",
                    "userId": 48,
                    "postId": 797
                }
            ],
            "topic": {
                "name": "Getting Tested",
                "description": "Is frequent swabbing harmful to me? Where can I find a SASH clinic? All your questions about getting tested answered here."
            }
        },
        {
            "id": 798,
            "userId": 48,
            "title": "What tests are done to test for the Omicron variant? ",
            "description": "",
            "createdAt": "2021-12-08T09:38:25.000Z",
            "views": 3812,
            "answerCount": 1,
            "topicId": 24,
            "agencyId": 5,
            "tags": [],
            "user": {
                "username": "ifa_alisha_wahid@moh.gov.sg"
            },
            "answers": [
                {
                    "id": 793,
                    "body": "<p>The specimens would be sent to the National Public Health Laboratory in which it would be processed on one HSA-approved commercial SARS-CoV-2 PCR assay to detect for any S gene dropout/target failure, which is suggestive of  the Omicron variant, although there are limitations to this as an indication of the variant. Definitive detection of the Omicron variant would require sequencing of the virus.</p>\n",
                    "createdAt": "2021-12-08T09:38:25.000Z",
                    "updatedAt": "2021-12-08T09:38:25.000Z",
                    "userId": 48,
                    "postId": 798
                }
            ],
            "topic": {
                "name": "Getting Tested",
                "description": "Is frequent swabbing harmful to me? Where can I find a SASH clinic? All your questions about getting tested answered here."
            }
        },
        {
            "id": 518,
            "userId": 33,
            "title": "When will I receive the Antigen Rapid Test (ART) kits?",
            "description": "",
            "createdAt": "2021-10-18T08:39:17.000Z",
            "views": 3798,
            "answerCount": 1,
            "topicId": 24,
            "agencyId": 5,
            "tags": [
                {
                    "tagname": "moh",
                    "description": "Ministry of Health",
                    "tagType": "AGENCY",
                    "posttag": {
                        "createdAt": "2021-10-18T08:39:17.000Z",
                        "updatedAt": "2021-10-18T08:39:17.000Z",
                        "postId": 518,
                        "tagId": 22
                    }
                },
                {
                    "tagname": "Getting Tested",
                    "description": "Is frequent swabbing harmful to me? Where can I find a SASH clinic? All your questions about getting tested answered here.",
                    "tagType": "TOPIC",
                    "posttag": {
                        "createdAt": "2021-10-18T08:39:17.000Z",
                        "updatedAt": "2021-10-18T08:39:17.000Z",
                        "postId": 518,
                        "tagId": 24
                    }
                }
            ],
            "user": {
                "username": "Timothy_TAY@moh.gov.sg"
            },
            "answers": [
                {
                    "id": 513,
                    "body": "<p>All households can expect to receive the ART kits progressively from 22 Oct to 7 Dec 2021.</p>\n<p>You can download the SingPost app [<a href=\"https://play.google.com/store/apps/details?id=com.singPost\" target=\"_blank\">Android</a> , <a href=\"https://apps.apple.com/sg/app/singpost-mobile/id647986630\" target=\"_blank\">Apple</a> ] to be alerted when the ART kits have been delivered to your letterbox.</p>\n",
                    "createdAt": "2021-10-18T08:39:17.000Z",
                    "updatedAt": "2021-10-18T08:39:17.000Z",
                    "userId": 33,
                    "postId": 518
                }
            ],
            "topic": {
                "name": "Getting Tested",
                "description": "Is frequent swabbing harmful to me? Where can I find a SASH clinic? All your questions about getting tested answered here."
            }
        }
    ],
    "totalItems": 19
}