{
    "posts": [
        {
            "id": 500,
            "userId": 33,
            "title": "What are the new streamlined protocols with effect from 21 Jan 2022?",
            "description": "",
            "createdAt": "2021-10-09T07:36:37.000Z",
            "views": 227844,
            "answerCount": 1,
            "topicId": 32,
            "agencyId": 5,
            "tags": [
                {
                    "tagname": "moh",
                    "description": "Ministry of Health",
                    "tagType": "AGENCY",
                    "posttag": {
                        "createdAt": "2021-10-11T09:03:31.000Z",
                        "updatedAt": "2021-10-11T09:03:31.000Z",
                        "postId": 500,
                        "tagId": 22
                    }
                },
                {
                    "tagname": "General Concerns",
                    "description": "General enquiries about COVID-19.",
                    "tagType": "TOPIC",
                    "posttag": {
                        "createdAt": "2021-10-11T09:03:31.000Z",
                        "updatedAt": "2021-10-11T09:03:31.000Z",
                        "postId": 500,
                        "tagId": 32
                    }
                }
            ],
            "user": {
                "username": "Timothy_TAY@moh.gov.sg"
            },
            "answers": [
                {
                    "id": 495,
                    "body": "<p><strong>Protocol 1: You are unwell</strong></p>\n<ul>\n<li>See a doctor.</li>\n<li>If you test positive for COVID-19: You will either be placed on the Home Recovery Programme (HRP) by default, or if your home environment is not suitable, you can recover at the appropriate care facilities.</li>\n<li>If you are suitable to recover at home, self-isolate for first 72 hours from your positive test result and take an Antigen Rapid Test (ART).&nbsp;</li>\n<li>You may exit self-isolation (a) if you test negative on an ART self-administered, or (b) on Day 7 (if fully vaccinated or below 12 years old) or Day 14 (if unvaccinated/partially vaccinated and aged 12 and above) without a need to test, whichever is earlier.  Days are counted starting with the day you first tested positive as Day 1.&nbsp;</li>\n<li>A recovery memo will be issued to you on Day 7/14 depending on your vaccination status and age.</li>\n</ul>\n<p><strong>Protocol 2: You are well but tested positive for COVID-19</strong></p>\n<ul>\n<li>Self-isolate at home for at least 72 hours and take an Antigen Rapid Test (ART).&nbsp;</li>\n<li>You may exit self-isolation (a) if you test negative on an ART self-administered, or (b) on Day 7 (if fully vaccinated or below 12 years old) or Day 14 (if unvaccinated/partially vaccinated and aged 12 and above) without a need to test, whichever is earlier.  Days are counted starting with the day you first tested positive as Day 1.</li>\n<li>If you become unwell at any time, such as high fever or breathlessness, see a doctor.</li>\n</ul>\n<p><strong>Protocol 3: You are identified as a close contact of an infected person</strong></p>\n<ul>\n<li>You will be placed on Health Risk Notice (HRN).</li>\n<li>Test yourself with an Antigen Rapid Test (ART) self-test on the day you receive the HRN SMS.</li>\n<li>If you test negative: Continue with normal activities for the day.</li>\n<li>For subsequent days, i.e. Day 2 to 5, you should test ART negative on same day before going out.</li>\n<li>If you test positive on any of these ART tests, follow Protocol 2 above.</li>\n<li>On Day 5, you must test yourself with an ART self-test:</li>\n<li>If the test is negative, you may resume normal activities. There is no need for further tests.</li>\n</ul>\n",
                    "createdAt": "2021-10-09T07:36:37.000Z",
                    "updatedAt": "2022-02-21T07:12:42.000Z",
                    "userId": 33,
                    "postId": 500
                }
            ],
            "topic": {
                "name": "General Concerns",
                "description": "General enquiries about COVID-19."
            }
        },
        {
            "id": 486,
            "userId": 26,
            "title": "How to spot a scam call?",
            "description": "",
            "createdAt": "2021-10-02T07:27:02.000Z",
            "views": 140631,
            "answerCount": 1,
            "topicId": 32,
            "agencyId": 5,
            "tags": [
                {
                    "tagname": "moh",
                    "description": "Ministry of Health",
                    "tagType": "AGENCY",
                    "posttag": {
                        "createdAt": "2021-10-11T08:53:37.000Z",
                        "updatedAt": "2021-10-11T08:53:37.000Z",
                        "postId": 486,
                        "tagId": 22
                    }
                },
                {
                    "tagname": "General Concerns",
                    "description": "General enquiries about COVID-19.",
                    "tagType": "TOPIC",
                    "posttag": {
                        "createdAt": "2021-10-11T08:53:37.000Z",
                        "updatedAt": "2021-10-11T08:53:37.000Z",
                        "postId": 486,
                        "tagId": 32
                    }
                }
            ],
            "user": {
                "username": "huiqing@open.gov.sg"
            },
            "answers": [
                {
                    "id": 481,
                    "body": "<ol>\n<li>Official local callers will not have a “+” prefix. Seeing what seems like a local number with a “+” prefix is likely to be a spoofed call. Only incoming international calls have the “+” sign prefix displayed whilst local calls will not have a “+” prefix.</li>\n<li>Official callers will not request for personal or financial information over the phone. We are aware of calls falsely informing recipients that they are from MOH, requesting for your personal or financial information over the phone. We urge recipients not to respond to these calls.</li>\n<li>Official callers will never send you a recorded message.</li>\n</ol>\n<p>Please always verify the authenticity of instructions before offering any personal or financial information. You can verify the authenticity of emails or phone calls by calling us at <a href=\"tel:+65 1800 333 9999\" target=\"_blank\">1800 333 9999</a>.&nbsp;</p>\n<p>If you receive such a call, call the Police at <a href=\"tel:+65 1800-255-0000\" target=\"_blank\">1800 255 0000</a>  or submit a report online at <a href=\"http://www.police.gov.sg/iwitness\" target=\"_blank\">www.police.gov.sg/iwitness</a>.</p>\n",
                    "createdAt": "2021-10-02T07:27:02.000Z",
                    "updatedAt": "2021-10-11T08:53:37.000Z",
                    "userId": 26,
                    "postId": 486
                }
            ],
            "topic": {
                "name": "General Concerns",
                "description": "General enquiries about COVID-19."
            }
        },
        {
            "id": 396,
            "userId": 31,
            "title": "Should I disinfect my room or home after I have been isolated?",
            "description": "",
            "createdAt": "2021-09-28T06:29:49.000Z",
            "views": 101859,
            "answerCount": 1,
            "topicId": 32,
            "agencyId": 5,
            "tags": [
                {
                    "tagname": "moh",
                    "description": "Ministry of Health",
                    "tagType": "AGENCY",
                    "posttag": {
                        "createdAt": "2021-10-20T08:13:43.000Z",
                        "updatedAt": "2021-10-20T08:13:43.000Z",
                        "postId": 396,
                        "tagId": 22
                    }
                },
                {
                    "tagname": "General Concerns",
                    "description": "General enquiries about COVID-19.",
                    "tagType": "TOPIC",
                    "posttag": {
                        "createdAt": "2021-10-20T08:13:43.000Z",
                        "updatedAt": "2021-10-20T08:13:43.000Z",
                        "postId": 396,
                        "tagId": 32
                    }
                }
            ],
            "user": {
                "username": "alexander@open.gov.sg"
            },
            "answers": [
                {
                    "id": 391,
                    "body": "<p>Yes. Please refer to the following NEA guidelines:</p>\n<ul>\n<li><a href=\"https://www.nea.gov.sg/our-services/public-cleanliness/environmental-cleaning-guidelines/guidelines/cleaning-and-disinfection-guidelines-for-households-on-home-recovery\" target=\"_blank\">Cleaning and Disinfection Guidelines for Households on Home Recovery</a>&nbsp;</li>\n<li><a href=\"https://www.nea.gov.sg/our-services/public-cleanliness/environmental-cleaning-guidelines/guidelines/interim-list-of-household-products-and-active-ingredients-for-disinfection-of-covid-19\" target=\"_blank\">List of household disinfectants and self-disinfecting surface coating products against COVID-19 virus</a></li>\n</ul>\n",
                    "createdAt": "2021-09-28T06:29:50.000Z",
                    "updatedAt": "2021-10-20T08:13:43.000Z",
                    "userId": 31,
                    "postId": 396
                }
            ],
            "topic": {
                "name": "General Concerns",
                "description": "General enquiries about COVID-19."
            }
        },
        {
            "id": 476,
            "userId": 26,
            "title": "I have received a call from MOH saying that they are contacting me for contact tracing purposes. How do I verify if that is true?",
            "description": "",
            "createdAt": "2021-09-29T10:28:44.000Z",
            "views": 53498,
            "answerCount": 1,
            "topicId": 32,
            "agencyId": 5,
            "tags": [
                {
                    "tagname": "moh",
                    "description": "Ministry of Health",
                    "tagType": "AGENCY",
                    "posttag": {
                        "createdAt": "2021-10-12T11:05:11.000Z",
                        "updatedAt": "2021-10-12T11:05:11.000Z",
                        "postId": 476,
                        "tagId": 22
                    }
                },
                {
                    "tagname": "General Concerns",
                    "description": "General enquiries about COVID-19.",
                    "tagType": "TOPIC",
                    "posttag": {
                        "createdAt": "2021-10-12T11:05:11.000Z",
                        "updatedAt": "2021-10-12T11:05:11.000Z",
                        "postId": 476,
                        "tagId": 32
                    }
                }
            ],
            "user": {
                "username": "huiqing@open.gov.sg"
            },
            "answers": [
                {
                    "id": 471,
                    "body": "<p>To verify the authenticity of calls from MOH, you may wish to:</p>\n<ol>\n<li>Take down the number which the caller is calling from.</li>\n<li>Call the MOH COVID-19 General Enquiries Hotline at <a href=\"tel:18003339999\" target=\"_blank\">1800 333 9999</a>    and provide them the caller’s number.</li>\n</ol>\n<p>Please note that MOH will not ask for your financial details when conducting tracing or divulge any details of confirmed cases. We will also not ask you to collect documents from us, unless you have existing business with MOH.</p>\n",
                    "createdAt": "2021-09-29T10:28:45.000Z",
                    "updatedAt": "2021-10-12T11:05:11.000Z",
                    "userId": 26,
                    "postId": 476
                }
            ],
            "topic": {
                "name": "General Concerns",
                "description": "General enquiries about COVID-19."
            }
        },
        {
            "id": 405,
            "userId": 13,
            "title": "Can I visit my relatives in Hospitals and Residential Care Homes?",
            "description": "",
            "createdAt": "2021-09-28T07:14:13.000Z",
            "views": 6577,
            "answerCount": 1,
            "topicId": 32,
            "agencyId": 5,
            "tags": [
                {
                    "tagname": "moh",
                    "description": "Ministry of Health",
                    "tagType": "AGENCY",
                    "posttag": {
                        "createdAt": "2021-10-21T08:48:12.000Z",
                        "updatedAt": "2021-10-21T08:48:12.000Z",
                        "postId": 405,
                        "tagId": 22
                    }
                },
                {
                    "tagname": "General Concerns",
                    "description": "General enquiries about COVID-19.",
                    "tagType": "TOPIC",
                    "posttag": {
                        "createdAt": "2021-10-21T08:48:12.000Z",
                        "updatedAt": "2021-10-21T08:48:12.000Z",
                        "postId": 405,
                        "tagId": 32
                    }
                }
            ],
            "user": {
                "username": "alwyn.tan@open.gov.sg"
            },
            "answers": [
                {
                    "id": 400,
                    "body": "<p>From now till 20 March 2022 (inclusive), in-persons visits to Hospitals and Residential Care Homes will be suspended to protect our healthcare capacity and vulnerable groups.</p>\n<p>Hospitals and Homes have the discretion to allow visits for exceptional cases (e.g. if the patient or resident is critically ill), subject to <a href=\"https://www.moh.gov.sg/docs/librariesprovider5/default-document-library/annex-ad14e30709e1540abaefc632617a1bbd1.pdf\" target=\"_blank\">visitor management measures</a>.&nbsp;</p>\n<p>Hospitals and Homes will also continue to support alternative methods of communication, such as through telephone or video calls, to ensure that patients and residents remain connected with their loved ones.</p>\n",
                    "createdAt": "2021-09-28T07:14:13.000Z",
                    "updatedAt": "2022-02-17T09:49:16.000Z",
                    "userId": 13,
                    "postId": 405
                }
            ],
            "topic": {
                "name": "General Concerns",
                "description": "General enquiries about COVID-19."
            }
        },
        {
            "id": 477,
            "userId": 13,
            "title": "Can organisations collect personal data of visitors for contact tracing and other COVID-19 measures?",
            "description": "",
            "createdAt": "2021-09-29T10:31:22.000Z",
            "views": 5010,
            "answerCount": 1,
            "topicId": 32,
            "agencyId": 5,
            "tags": [
                {
                    "tagname": "moh",
                    "description": "Ministry of Health",
                    "tagType": "AGENCY",
                    "posttag": {
                        "createdAt": "2021-10-08T08:57:37.000Z",
                        "updatedAt": "2021-10-08T08:57:37.000Z",
                        "postId": 477,
                        "tagId": 22
                    }
                },
                {
                    "tagname": "General Concerns",
                    "description": "General enquiries about COVID-19.",
                    "tagType": "TOPIC",
                    "posttag": {
                        "createdAt": "2021-10-08T08:57:37.000Z",
                        "updatedAt": "2021-10-08T08:57:37.000Z",
                        "postId": 477,
                        "tagId": 32
                    }
                }
            ],
            "user": {
                "username": "alwyn.tan@open.gov.sg"
            },
            "answers": [
                {
                    "id": 472,
                    "body": "<p>Organisations are allowed to collect, use, and disclose personal data of visitors to premises for purposes of contact tracing and other response measures for COVID-19. They may collect visitors' NRIC, FIN or passport numbers where it is necessary for this purpose.</p>\n<p>This is pursuant to sections 1(b) of the Second, Third and Fourth Schedules to the Personal Data Protection Act (PDPA), as this is necessary to respond to an emergency that threatens the life, health or safety of other individuals.</p>\n<p>However, they must also comply with the Data Protection Provisions of the PDPA. Such as making reasonable security arrangements to protect the personal data in their possession from unauthorised access or disclosure (e.g. Ensure visitor logbooks are kept secured and not visible to other visitors), and ensuring that the personal data is not used for any other purposes without consent or authorisation under the law. Organisations should also erase the data when it is no longer needed for contact tracing-related purposes.</p>\n<p>Please click <a href=\"https://www.pdpc.gov.sg/Help-and-Resources-Menu/FAQs/Individual\" target=\"_blank\">here</a>  for more FAQs on PDPA.</p>\n",
                    "createdAt": "2021-09-29T10:31:22.000Z",
                    "updatedAt": "2021-10-08T08:57:37.000Z",
                    "userId": 13,
                    "postId": 477
                }
            ],
            "topic": {
                "name": "General Concerns",
                "description": "General enquiries about COVID-19."
            }
        },
        {
            "id": 800,
            "userId": 48,
            "title": "If I have travelled to countries other than those affected by Omicron variant recently and tested positive, do I still follow the standard protocols?",
            "description": "",
            "createdAt": "2021-12-08T09:47:54.000Z",
            "views": 2581,
            "answerCount": 1,
            "topicId": 32,
            "agencyId": 5,
            "tags": [],
            "user": {
                "username": "ifa_alisha_wahid@moh.gov.sg"
            },
            "answers": [
                {
                    "id": 795,
                    "body": "<p>If you have travelled to any other countries within the previous 10 days and now test positive on the antigen rapid test (ART), you should undergo a SARS-CoV-2 PCR test.</p>\n<p>If you have tested positive on the SARS-CoV-2 PCR test and are eligible for home recovery programme (HRP), you should still proceed with it. If you are serving your SHN in a hotel and are eligible for HRP, you will continue to remain in the hotel to recover and complete the isolation requirements.  If you are not eligible for HRP, please wait for MOH to contact you to convey you out to an appropriate care facility.&nbsp;</p>\n<p>Only cases tested to be infected with the Omicron variant, including those that have the S-gene target failure on the appropriate PCR test, will not be allowed to undergo home recovery. In these situations, you will be contacted by MOH separately and conveyed to NCID for isolation and management.</p>\n",
                    "createdAt": "2021-12-08T09:47:54.000Z",
                    "updatedAt": "2021-12-08T09:47:54.000Z",
                    "userId": 48,
                    "postId": 800
                }
            ],
            "topic": {
                "name": "General Concerns",
                "description": "General enquiries about COVID-19."
            }
        },
        {
            "id": 907,
            "userId": 48,
            "title": "Which individuals are considered at higher risk of developing severe COVID-19 disease?",
            "description": "",
            "createdAt": "2022-02-28T04:16:24.000Z",
            "views": 1749,
            "answerCount": 1,
            "topicId": 32,
            "agencyId": 5,
            "tags": [],
            "user": {
                "username": "ifa_alisha_wahid@moh.gov.sg"
            },
            "answers": [
                {
                    "id": 902,
                    "body": "<p>The following individuals are considered higher risk, and are recommended to see a doctor if they test positive for COVID, even if they are feeling well:</p>\n<ul>\n<li>Children aged less than 3 years old;</li>\n<li>Persons aged 70 years and older;</li>\n<li>Persons who are/have:</li>\n<ul>\n<li>pregnant;</li>\n<li>on dialysis;</li>\n<li>diagnosed with HIV or AIDS;</li>\n<li>had organ transplant surgery;</li>\n<li>been diagnosed with cancer before;</li>\n<li>any disease or taking medications that weaken the immune system;</li>\n<li>any disease affecting their heart, lungs, kidneys, liver or brain that required hospital admission in the last 6 months.</li>\n</ul>\n<li>Children aged less than 12 years old who have:</li>\n<ul>\n<li>any congenital condition or growth disorder that affects the heart, lung or brain;</li>\n<li>Diabetes Mellitus or Hypertension.</li>\n</ul>\n</ul>\n",
                    "createdAt": "2022-02-28T04:16:24.000Z",
                    "updatedAt": "2022-02-28T04:16:24.000Z",
                    "userId": 48,
                    "postId": 907
                }
            ],
            "topic": {
                "name": "General Concerns",
                "description": "General enquiries about COVID-19."
            }
        }
    ],
    "totalItems": 8
}