{
    "posts": [
        {
            "id": 808,
            "userId": 33,
            "title": "[For travellers] What should I do if I test positive on a COVID-19 PCR or ART while residing at a hotel?",
            "description": "<p>PCR = Polymerase Chain Reaction</p>\n<p>ART = Antigen Rapid Test (ART)&nbsp;</p>\n",
            "createdAt": "2021-12-16T03:40:11.000Z",
            "views": 40745,
            "answerCount": 1,
            "topicId": 92,
            "agencyId": 5,
            "tags": [],
            "user": {
                "username": "Timothy_TAY@moh.gov.sg"
            },
            "answers": [
                {
                    "id": 803,
                    "body": "<p>If you tested positive on a PCR or ART test and you feel well, you should check if you fulfil any of the following criteria:</p>\n<ul>\n<li>Individuals aged 70 years old and above</li>\n<li>Children less than 3 years old</li>\n<li>Children less than 12 years old and have any of these conditions:</li>\n<ul>\n<li>Congenital condition or growth disorder that affects the heart, lungs or brain</li>\n<li>Diabetes Mellitus or Hypertension</li>\n</ul>\n<li>Pregnant</li>\n<li>Had an organ transplant surgery before</li>\n<li>Have any disease or taking medications which weaken the immune system</li>\n<li>Diagnosed with cancer before (including blood cancers)</li>\n<li>On dialysis</li>\n<li>Diagnosed with HIV or AIDS</li>\n<li>Have disease affecting heart, lungs, kidneys, liver or brain that required hospital admission in the last 6 months</li>\n</ul>\n<p><strong>If you fulfil any of the above criteria</strong>, you should receive medical advice <strong>even if you are feeling well </strong>(if you tested positive on self-administered ART, you should seek medical advice at a clinic. If you tested positive for on-arrival test or tests done at a Test Center, a telemedicine provider will subsequently get in touch for further assessment).</p>\n<p>Otherwise, for the first 72 hours, pause all activities and isolate at your hotel or residential accommodation and follow these <a href=\"https://www.covid.gov.sg/well-and-positive-or-condition-assessed-mild-by-doctor\" target=\"_blank\">instructions</a> .</p>\n<p>If you have a place of residence in Singapore, you may opt to isolate there instead and may take private transport there. You should inform your hotel of your positive ART result and your intention to recover at your place of residence. Your hotel may have further instructions to limit your interaction with other hotel guests and staff when moving between your room and the private transport. Pre-book your private transport, inform the private transport provider of your positive ART result, and head to the vehicle only once it has arrived. During the journey, wind down the windows and sit alone in the back seat during the journey. You should not make any stops along the way. Should you decide to isolate at your place of residence, you may not switch the isolation venue (i.e. decide to return to the hotel again, and vice versa) during the isolation period.</p>\n<p>If <strong>you feel unwell</strong>, refer to this <a href=\"https://ask.gov.sg/questions/813\" target=\"_blank\">FAQ</a> .</p>\n",
                    "createdAt": "2021-12-16T03:40:11.000Z",
                    "updatedAt": "2022-02-16T12:28:42.000Z",
                    "userId": 33,
                    "postId": 808
                }
            ],
            "topic": {
                "name": "I am a traveller to Singapore",
                "description": null
            }
        },
        {
            "id": 804,
            "userId": 48,
            "title": "[For travellers] I have tested positive for COVID-19. May I check into a hotel to undergo isolation?",
            "description": "",
            "createdAt": "2021-12-16T03:29:17.000Z",
            "views": 8700,
            "answerCount": 1,
            "topicId": 92,
            "agencyId": 5,
            "tags": [],
            "user": {
                "username": "ifa_alisha_wahid@moh.gov.sg"
            },
            "answers": [
                {
                    "id": 799,
                    "body": "<p>If you have tested positive for COVID-19 and require self-isolation, you will not be allowed to break isolation to check into a hotel, even if this is to undergo isolation. You should inform MOH if your household environment is unsuitable for isolation and will be conveyed to a care facility accordingly.</p>\n",
                    "createdAt": "2021-12-16T03:29:17.000Z",
                    "updatedAt": "2022-01-21T14:36:29.000Z",
                    "userId": 48,
                    "postId": 804
                }
            ],
            "topic": {
                "name": "I am a traveller to Singapore",
                "description": null
            }
        },
        {
            "id": 814,
            "userId": 33,
            "title": "[For travellers] What should I do if I have been identified as a close contact of a COVID-19 case and am issued a HRN while residing at a hotel?",
            "description": "",
            "createdAt": "2021-12-16T03:50:08.000Z",
            "views": 7585,
            "answerCount": 1,
            "topicId": 92,
            "agencyId": 5,
            "tags": [],
            "user": {
                "username": "Timothy_TAY@moh.gov.sg"
            },
            "answers": [
                {
                    "id": 809,
                    "body": "<p>Isolate yourself in your hotel room immediately and follow the instructions in the SMS sent to you.</p>\n<p>If you test positive on any of your ARTs and you feel well, see <a href=\"https://ask.gov.sg/questions/808\" target=\"_blank\">this FAQ</a> . If you test positive and feel unwell, see <a href=\"https://ask.gov.sg/questions/813\" target=\"_blank\">this FAQ</a> .&nbsp;</p>\n<p>You are still required to comply with the travel health control measures imposed on you even if you receive a HRN. If you are serving a Stay-Home Notice (SHN), you are required to continue to comply with the full duration of your SHN and undergo the exit-SHN test as stipulated in the Stay Order issued to you.</p>\n",
                    "createdAt": "2021-12-16T03:50:08.000Z",
                    "updatedAt": "2022-02-16T12:33:51.000Z",
                    "userId": 33,
                    "postId": 814
                }
            ],
            "topic": {
                "name": "I am a traveller to Singapore",
                "description": null
            }
        },
        {
            "id": 812,
            "userId": 48,
            "title": "[For travellers] If I need to extend my stay at a hotel to serve out the relevant isolation period, will the Govt pay for the additional expenses?",
            "description": "",
            "createdAt": "2021-12-16T03:45:13.000Z",
            "views": 4918,
            "answerCount": 1,
            "topicId": 92,
            "agencyId": 5,
            "tags": [],
            "user": {
                "username": "ifa_alisha_wahid@moh.gov.sg"
            },
            "answers": [
                {
                    "id": 807,
                    "body": "<p>No. Travellers are responsible for the costs associated with COVID-19 related recovery, testing and treatment, including any necessary extensions to their stay in hotels or at care facilities.</p>\n<p>Please refer to <a href=\"https://safetravel.ica.gov.sg/health/insurance-and-treatment\" target=\"_blank\">this page</a> for more details on medical treatment and COVID-19 travel insurance.</p>\n",
                    "createdAt": "2021-12-16T03:45:13.000Z",
                    "updatedAt": "2022-01-21T14:42:00.000Z",
                    "userId": 48,
                    "postId": 812
                }
            ],
            "topic": {
                "name": "I am a traveller to Singapore",
                "description": null
            }
        },
        {
            "id": 811,
            "userId": 48,
            "title": "[For travellers] Can I depart Singapore if I have yet to finish my isolation period?",
            "description": "",
            "createdAt": "2021-12-16T03:43:49.000Z",
            "views": 4403,
            "answerCount": 1,
            "topicId": 92,
            "agencyId": 5,
            "tags": [],
            "user": {
                "username": "ifa_alisha_wahid@moh.gov.sg"
            },
            "answers": [
                {
                    "id": 806,
                    "body": "<p>No. Leaving your declared isolation venue before the isolation period is an offence under the Infectious Diseases Act. Enforcement action may be taken, including a fine of up to $10,000 and/or imprisonment of up to 6 months. You may also be denied boarding / entry into other countries/regions, depending on their border measures.</p>\n",
                    "createdAt": "2021-12-16T03:43:49.000Z",
                    "updatedAt": "2022-01-21T14:40:48.000Z",
                    "userId": 48,
                    "postId": 811
                }
            ],
            "topic": {
                "name": "I am a traveller to Singapore",
                "description": null
            }
        },
        {
            "id": 813,
            "userId": 33,
            "title": "[For travellers] What do I do if I feel unwell while residing at a hotel?",
            "description": "",
            "createdAt": "2021-12-16T03:46:54.000Z",
            "views": 4167,
            "answerCount": 1,
            "topicId": 92,
            "agencyId": 5,
            "tags": [],
            "user": {
                "username": "Timothy_TAY@moh.gov.sg"
            },
            "answers": [
                {
                    "id": 808,
                    "body": "<p><strong>If you are under travel health control measures:</strong></p>\n<ul>\n<li>If you are currently serving your SHN, follow the instructions in the notice issued to you.</li>\n<li>If you are in self-isolation pending the results of your on-arrival test, remain in your hotel room and contact either the hotel front desk or a <a href=\"https://www.moh.gov.sg/licensing-and-regulation/telemedicine\" target=\"_blank\">telemedicine provider</a>  immediately. They will inform you on the next steps.</li>\n</ul>\n<p><strong>If you test negative for COVID-19 and are not placed on a recovery protocol</strong> following medical consultation, you should continue to adhere to the travel health control measures.&nbsp;</p>\n<p><strong>If you test positive for COVID-19 and are placed on a recovery protocol</strong>, during the recovery period and following your discharge from the recovery protocol, you are not required to undergo further testing as part of the border measures you were originally subjected to. Instead, you should follow the protocols for the recovery procedure assigned to you. Your medical provider will be able to advise you on the recovery protocol you are placed on and the next steps. If you receive a SMS from the Ministry of Health (MOH) following your positive test, you should also follow all the instructions in the SMS.</p>\n<p>After discharge from the relevant recovery protocol, you do not need to adhere to further testing/ SHN obligations as part of the travel health control measures you were originally subjected to.</p>\n<p>If you are <strong>not under any travel health control measures but feel unwell</strong>, seek medical advice at a clinic immediately via private transport. The doctor may administer further COVID-19 Polymerase Chain Reaction (PCR) and/or Antigen Rapid Tests (ARTs) depending on your condition and risk assessment, and will advise you on the appropriate steps to take to facilitate your recovery.</p>\n<p>Should you experience emergency symptoms such as chest pains and shortness of breath at any time, call 995 for urgent conveyance to a medical facility or contact hotel staff for immediate assistance. If you have mild symptoms, please seek medical advice via a telemedicine provider or at a clinic first. This will help ensure that SCDF 995 Emergency Medical Services are safeguarded for patients with emergency conditions.</p>\n",
                    "createdAt": "2021-12-16T03:46:54.000Z",
                    "updatedAt": "2022-02-16T10:06:21.000Z",
                    "userId": 33,
                    "postId": 813
                }
            ],
            "topic": {
                "name": "I am a traveller to Singapore",
                "description": null
            }
        },
        {
            "id": 815,
            "userId": 33,
            "title": "[For travellers] Where can I get Antigen Rapid Test (ART) kits from?",
            "description": "",
            "createdAt": "2021-12-16T03:51:35.000Z",
            "views": 3707,
            "answerCount": 1,
            "topicId": 92,
            "agencyId": 5,
            "tags": [],
            "user": {
                "username": "Timothy_TAY@moh.gov.sg"
            },
            "answers": [
                {
                    "id": 810,
                    "body": "<p>You may purchase self-administered ART kits online or from pharmacies and drugstores around Singapore. Hotels may also carry self-administered ART kits for purchase. If you are currently serving a SHN or undergoing isolation or undergoing in-situ recovery, you should purchase your ART kits through contactless methods and should not leave your room to buy ART kits.</p>\n",
                    "createdAt": "2021-12-16T03:51:36.000Z",
                    "updatedAt": "2022-01-21T14:33:36.000Z",
                    "userId": 33,
                    "postId": 815
                }
            ],
            "topic": {
                "name": "I am a traveller to Singapore",
                "description": null
            }
        },
        {
            "id": 816,
            "userId": 33,
            "title": "[For travellers] I am residing at a hotel and my roommate has tested positive for COVID-19. What do I do?",
            "description": "",
            "createdAt": "2021-12-16T03:54:11.000Z",
            "views": 1859,
            "answerCount": 1,
            "topicId": 92,
            "agencyId": 5,
            "tags": [],
            "user": {
                "username": "Timothy_TAY@moh.gov.sg"
            },
            "answers": [
                {
                    "id": 811,
                    "body": "<p>You will be issued a Health Risk Notice (HRN) (see this <a href=\"https://ask.gov.sg/questions/814\" target=\"_blank\">FAQ</a>). If you test negative for your Day 1 ART, you may either inform your hotel Duty Manager so that they can arrange for your transfer to another room, or source for alternative accommodation on your own. Please note that you are responsible for any additional accommodation costs incurred.</p>\n",
                    "createdAt": "2021-12-16T03:54:11.000Z",
                    "updatedAt": "2022-02-16T12:34:38.000Z",
                    "userId": 33,
                    "postId": 816
                }
            ],
            "topic": {
                "name": "I am a traveller to Singapore",
                "description": null
            }
        },
        {
            "id": 807,
            "userId": 33,
            "title": "[For travellers] Is in-situ recovery at hotels safe, particularly in light of the Omicron variant? What measures are put in place?",
            "description": "",
            "createdAt": "2021-12-16T03:37:53.000Z",
            "views": 1759,
            "answerCount": 1,
            "topicId": 92,
            "agencyId": 5,
            "tags": [],
            "user": {
                "username": "Timothy_TAY@moh.gov.sg"
            },
            "answers": [
                {
                    "id": 802,
                    "body": "<p>As announced on 26 Dec 2021, international evidence now indicates that the Omicron variant is likely to be more transmissible but less severe than the Delta variant, and that vaccines, especially boosters, continue to provide substantial protection against severe illness caused by Omicron. We can therefore apply a unified approach to managing COVID-19 cases, whether they are of the Omicron or Delta variant.&nbsp;</p>\n<p>Most travellers coming into Singapore are fully vaccinated and hence, less likely to be infected with COVID-19. Even if infected, they are less likely to become severely ill and impose a burden on our healthcare system. They are therefore well able to recover on their own, be it in-situ at hotels, or in their own homes.&nbsp;</p>\n<p>To continue to ensure the safety of other guests and hotel staff, MOH and NEA have put in place infection prevention and control guidelines which hotels should adhere to in order to minimise the risk of transmission. Hotels can further protect their guests and staff by streamlining their processes to be contactless as much as possible and taking necessary precautions (such as hand hygiene, frequent cleaning and disinfection of spaces, and adhering to the appropriate SMMs). Staff who are cleaning rooms which were occupied by Ag+/C+ guests should don the appropriate Personal Protective Equipment (PPE)*. In addition, guests who test positive for COVID-19 are required to remain in their rooms and adhere strictly to the stipulated isolation and testing protocols. They should not interact with other guests or hotel staff or use any shared facilities. Any guests who breach COVID-19 protocols may face enforcement action.</p>\n<p>*Surgical or N95 mask, eye protection, gown and gloves.</p>\n",
                    "createdAt": "2021-12-16T03:37:53.000Z",
                    "updatedAt": "2022-01-05T06:49:00.000Z",
                    "userId": 33,
                    "postId": 807
                }
            ],
            "topic": {
                "name": "I am a traveller to Singapore",
                "description": null
            }
        },
        {
            "id": 805,
            "userId": 48,
            "title": "[For travellers] I have tested positive for COVID-19 while residing at a hotel. May I transfer to another hotel to undergo isolation?",
            "description": "",
            "createdAt": "2021-12-16T03:32:04.000Z",
            "views": 1743,
            "answerCount": 1,
            "topicId": 92,
            "agencyId": 5,
            "tags": [],
            "user": {
                "username": "ifa_alisha_wahid@moh.gov.sg"
            },
            "answers": [
                {
                    "id": 800,
                    "body": "<p>You may not transfer to another hotel to undergo isolation and should undergo recovery in-situ if eligible.</p>\n",
                    "createdAt": "2021-12-16T03:32:04.000Z",
                    "updatedAt": "2022-01-21T14:37:20.000Z",
                    "userId": 48,
                    "postId": 805
                }
            ],
            "topic": {
                "name": "I am a traveller to Singapore",
                "description": null
            }
        },
        {
            "id": 887,
            "userId": 48,
            "title": "[For travellers] Why has the floor segregation requirement for PSHNs/recovering C+ been removed & is it safe for me to stay in the hotel for leisure?",
            "description": "",
            "createdAt": "2022-01-21T14:43:44.000Z",
            "views": 758,
            "answerCount": 1,
            "topicId": 92,
            "agencyId": 5,
            "tags": [],
            "user": {
                "username": "ifa_alisha_wahid@moh.gov.sg"
            },
            "answers": [
                {
                    "id": 882,
                    "body": "<p>Thus far, with Singapore’s high vaccination rates, we have found that the vast majority of COVID-19 cases have mild or no symptoms and are well able to recover safely on their own (e.g. via the Home Recovery Programme), while minimising the risk of transmission to others by adhering to isolation protocols. Most travellers coming into Singapore are fully vaccinated and hence, less likely to be infected with COVID-19. If infected, they can recover on their own safely while isolating in their own rooms to minimise risks of onward transmission, and need not be segregated by floor from other members of the community.</p>\n<p>Beyond floor segregation, MOH and NEA have put in place infection prevention and control guidelines which hotels should adhere to in order to minimise the risk of transmission to continue to ensure the safety of other guests and hotel staff. In addition, guests who test positive for COVID-19 are required to remain in their rooms and adhere strictly to the stipulated isolation and testing protocols. They should not interact with other guests or hotel staff or use any shared facilities. Any guests who breach COVID-19 protocols may face enforcement action.</p>\n",
                    "createdAt": "2022-01-21T14:43:44.000Z",
                    "updatedAt": "2022-01-21T14:43:44.000Z",
                    "userId": 48,
                    "postId": 887
                }
            ],
            "topic": {
                "name": "I am a traveller to Singapore",
                "description": null
            }
        }
    ],
    "totalItems": 11
}