{
    "posts": [
        {
            "id": 904,
            "userId": 48,
            "title": "What documents can I use to show that I have recovered from COVID-19 for travel purposes?",
            "description": "",
            "createdAt": "2022-02-23T09:32:47.000Z",
            "views": 79395,
            "answerCount": 1,
            "topicId": 94,
            "agencyId": 5,
            "tags": [],
            "user": {
                "username": "ifa_alisha_wahid@moh.gov.sg"
            },
            "answers": [
                {
                    "id": 899,
                    "body": "<p>Fully vaccinated and recently recovered individuals travelling to Singapore can produce their professionally administered ART or PCR test result dated within 7 – 90 days before their trip to Singapore, to be exempted from border measures. Click <a href=\"https://safetravel.ica.gov.sg/vaccinated-recovered\" target=\"_blank\">here</a>  for more details.</p>\n<p>MOH does not issue separate Recovery Memos (RM) for persons placed on Protocol 2 (no/mild symptoms, low risk). Those who test positive for COVID-19 on a self-administered ART can visit a Combined Test Centre (CTC) or Quick Test Centre (QTC) to undergo a supervised ART and have their results documented – such results of infection as supervised at the CTC/QTCs can be used as proof of recovery for exemption from Singapore’s border measures.&nbsp;</p>\n<p>All travellers are encouraged to refer to the relevant destination countries’ border measure requirements before committing to their travel plans, as they are ultimately responsible for ensuring that they fulfil the border measure requirements of their destination countries.&nbsp;</p>\n",
                    "createdAt": "2022-02-23T09:32:47.000Z",
                    "updatedAt": "2022-02-23T09:41:46.000Z",
                    "userId": 48,
                    "postId": 904
                }
            ],
            "topic": {
                "name": "COVID-19 Vaccination and Booster",
                "description": null
            }
        },
        {
            "id": 874,
            "userId": 48,
            "title": "Who can obtain the digital vaccination certificate (‘Vaccination HealthCert’) for travel overseas?",
            "description": "",
            "createdAt": "2022-01-18T03:19:47.000Z",
            "views": 59692,
            "answerCount": 1,
            "topicId": 94,
            "agencyId": 5,
            "tags": [],
            "user": {
                "username": "ifa_alisha_wahid@moh.gov.sg"
            },
            "answers": [
                {
                    "id": 869,
                    "body": "<p>Individuals who are fully-vaccinated in Singapore may obtain a digital vaccination certificate (‘Vaccination HealthCert’). The requirements to be considered fully-vaccinated can be found at this <a href=\"http://safetravel.ica.gov.sg/health/vtsg\" target=\"_blank\">link</a> . Digital vaccination certificates are not issued for vaccinations done overseas.</p>\n<p><strong>For Singpass users</strong></p>\n<p>Singpass users can obtain their Vaccination HealthCerts by logging in to the <a href=\"https://www.notarise.gov.sg\" target=\"_blank\">Notαrise portal</a> using their Singpass app or Singpass credentials. Upon successful application, the digital vaccination certificate will be sent to the user’s email and Singpass app in approximately 15 minutes.</p>\n<p>Those eligible for a Singpass account can register for a Singpass account here. Users will be able to access the relevant vaccination records the day after creation of your Singpass account.</p>\n<p><strong>For Long-term Pass holders</strong></p>\n<p>Long-term Pass holders will need a valid pass to obtain their Vaccination HealthCert using their Singpass app or Singpass credentials.</p>\n<p>Long-term pass holders are recommended to obtain their Vaccination HealthCert early, as they will lose access to Singpass upon expiry or cancellation of their pass. If your pass was canceled after 22 Feb 2022, you are given a grace period of 3 months after pass cancellation to obtain your Vaccination HealthCert using your Singpass app or Singpass credentials.</p>\n<p><strong>For people who are not eligible for Singpass</strong></p>\n<p>People who are not eligible for a Singpass account, or whose pass has expired and no longer have access to Singpass, may obtain their Vaccination HealthCert from Notαrise using their passport number and dates of vaccination recorded in the NIR.&nbsp;</p>\n<p>If your vaccination records were tagged to your FIN number which you no longer have, you may need to submit a request to associate your records to you passport number at <a href=\"https://go.gov.sg/health-cert-query\" target=\"_blank\">https://go.gov.sg/health-cert-query</a> . Processing time for the query is about 2–4 weeks.</p>\n",
                    "createdAt": "2022-01-18T03:19:47.000Z",
                    "updatedAt": "2022-03-11T08:07:18.000Z",
                    "userId": 48,
                    "postId": 874
                }
            ],
            "topic": {
                "name": "COVID-19 Vaccination and Booster",
                "description": null
            }
        },
        {
            "id": 852,
            "userId": 48,
            "title": "When and how can I register for my booster dose? ",
            "description": "",
            "createdAt": "2022-01-17T01:35:59.000Z",
            "views": 37021,
            "answerCount": 1,
            "topicId": 94,
            "agencyId": 5,
            "tags": [],
            "user": {
                "username": "ifa_alisha_wahid@moh.gov.sg"
            },
            "answers": [
                {
                    "id": 847,
                    "body": "<p>People who are eligible for their booster dose will be progressively invited to be vaccinated, from five months after their second dose. When it is your turn, an SMS with a personalised booking link will be sent to the mobile number that you had registered with for your first two doses. Please use it to book an appointment for the booster <a href=\"https://appointment.vaccine.gov.sg/\" target=\"_blank\">here</a> .</p>\n<p>Alternatively, if you are between 18 and 59 years old, and have completed your primary series vaccination, you may walk in without an appointment, to any Vaccination Centre offering an mRNA COVID-19 vaccine, from Mondays to Thursdays before 7pm, to receive your booster dose.</p>\n<p>If you are 60 years old and above, and have completed the last dose of your primary series vaccination, you may also walk into any of the participating Public Health Preparedness Clinics (PHPCs) or Polyclinics, to receive your booster dose without an appointment. You may also walk in to any vaccination centre, any day before 7pm to receive your booster dose, without an appointment. If you would like to go to a PHPC, you are advised to call the respective clinics for enquiries on the vaccination cut-off time for your preferred date, as operating hours may vary.</p>\n",
                    "createdAt": "2022-01-17T01:35:59.000Z",
                    "updatedAt": "2022-02-15T14:29:18.000Z",
                    "userId": 48,
                    "postId": 852
                }
            ],
            "topic": {
                "name": "COVID-19 Vaccination and Booster",
                "description": null
            }
        },
        {
            "id": 849,
            "userId": 48,
            "title": "Will the booster dose affect my vaccination status?",
            "description": "",
            "createdAt": "2022-01-17T01:14:59.000Z",
            "views": 21176,
            "answerCount": 1,
            "topicId": 94,
            "agencyId": 5,
            "tags": [],
            "user": {
                "username": "ifa_alisha_wahid@moh.gov.sg"
            },
            "answers": [
                {
                    "id": 844,
                    "body": "<p>Fully vaccinated persons who are recommended to receive a booster dose, are considered “fully vaccinated” for the purpose of vaccine-differentiated safe management measures (VDS) for 270 days after the last dose of their primary vaccination series.</p>\n<p>They should receive their booster vaccination* to maintain the fully vaccinated status beyond the 270 days. This requirement will apply from <strong>14 February 2022</strong> for those aged 18 and above, and from <strong>14 March 2022</strong> for those aged 12-17 years old.</p>\n<p>If your vaccination status is not accurately reflected, you may raise your query at <a href=\"https://go.gov.sg/vds-query-form\" target=\"_blank\">https://go.gov.sg/vds-query-form</a>.&nbsp;</p>\n<p>*Based on the Expert Committee on COVID-19 Vaccination recommendations, the booster vaccination should be received at around five months after the last dose in their primary vaccination series (or three months for those who received the Sinovac-CoronaVac or Sinopharm vaccine as their third vaccine dose as part of a three-dose primary vaccination series).</p>\n",
                    "createdAt": "2022-01-17T01:14:59.000Z",
                    "updatedAt": "2022-03-11T08:05:22.000Z",
                    "userId": 48,
                    "postId": 849
                }
            ],
            "topic": {
                "name": "COVID-19 Vaccination and Booster",
                "description": null
            }
        },
        {
            "id": 898,
            "userId": 48,
            "title": "I am self-tested as ART+ after two mRNA vaccine doses, should I still get my booster?",
            "description": "",
            "createdAt": "2022-02-07T13:42:49.000Z",
            "views": 20513,
            "answerCount": 1,
            "topicId": 94,
            "agencyId": 5,
            "tags": [],
            "user": {
                "username": "ifa_alisha_wahid@moh.gov.sg"
            },
            "answers": [
                {
                    "id": 893,
                    "body": "<p>The default is yes. A booster dose will confer longer protection. As recommended by the Expert Committee on COVID-19 Vaccination (EC19V), it is safe for persons who have recovered from COVID-19 to receive a booster dose. Get your booster 90 days or more after the infection.</p>\n<p>You may receive your next vaccine dose 28 days after infection, although you are recommended to do so three months from the infection for better effectiveness.</p>\n",
                    "createdAt": "2022-02-07T13:42:49.000Z",
                    "updatedAt": "2022-02-25T04:33:08.000Z",
                    "userId": 48,
                    "postId": 898
                }
            ],
            "topic": {
                "name": "COVID-19 Vaccination and Booster",
                "description": null
            }
        },
        {
            "id": 860,
            "userId": 48,
            "title": "Who can get their overseas COVID-19 vaccination records ingested into the National Immunisation Registry (NIR) and what must they do?",
            "description": "",
            "createdAt": "2022-01-18T01:48:54.000Z",
            "views": 15202,
            "answerCount": 1,
            "topicId": 94,
            "agencyId": 5,
            "tags": [],
            "user": {
                "username": "ifa_alisha_wahid@moh.gov.sg"
            },
            "answers": [
                {
                    "id": 855,
                    "body": "<p>All individuals who have been vaccinated overseas with any vaccines approved under the WHO Emergency Use Listing (EUL), including booster shots, can get their overseas vaccination records ingested into the National Immunisation Registry (NIR). This includes Singaporean Citizens (SC), Singapore Permanent Residents (PR), Long-Term Pass Holders (LTPH) (e.g. Long-Term Visitor Pass, Work Permit, Employment Pass, S Pass, Dependent Pass, Student Pass) and Short-Term Pass Holders (STPH). For STPHs, this would only be relevant to those who intend to stay in Singapore for more than 30 days. You may call ahead to any clinic to check if they provide such services. You can also refer to phpc.gov.sg for a listing of clinics who may provide such services; please call ahead to check. The full cost of the service will be borne by the individual.</p>\n<p>If their overseas vaccination documents are not in English, they will need to get the documents translated by a translation service provider, notary public or embassy of the country that issued the document. Both the original overseas vaccination document and translated document must be brought along when visiting a private healthcare provider in Singapore for serology testing.</p>\n<p>After arriving in Singapore, the individual will need to visit a healthcare provider who will do the following:</p>\n<ol>\n<li>Review the individual’s overseas vaccination documentation - either the original hard copy vaccination certificate or digital vaccination certificate (with translated document where applicable).</li>\n<li>Perform a serology test. If you have a digitally verifiable vaccination certificate, you may not need to take a serology test (see subsequent questions for details).</li>\n<li>Update the individual’s overseas COVID-19 vaccination record(s) to NIR as long as the individual (i) has overseas COVID-19 vaccination documentation, and (ii) whose serology test result is positive.</li>\n<li>Individuals will see their vaccinations status on TraceTogether or HealthHub app within 24 hours after clinic has notified NIR of their overseas COVID-19 vaccination records.</li>\n</ol>\n",
                    "createdAt": "2022-01-18T01:48:54.000Z",
                    "updatedAt": "2022-01-29T14:23:36.000Z",
                    "userId": 48,
                    "postId": 860
                }
            ],
            "topic": {
                "name": "COVID-19 Vaccination and Booster",
                "description": null
            }
        },
        {
            "id": 851,
            "userId": 48,
            "title": "Who should receive a booster?",
            "description": "",
            "createdAt": "2022-01-17T01:22:06.000Z",
            "views": 11156,
            "answerCount": 1,
            "topicId": 94,
            "agencyId": 5,
            "tags": [],
            "user": {
                "username": "ifa_alisha_wahid@moh.gov.sg"
            },
            "answers": [
                {
                    "id": 846,
                    "body": "<p>Individuals aged 12 years and older are recommended to receive a booster dose from about five months after the last dose of their primary vaccination series*, or as soon as possible thereafter, in order to maintain good protection against COVID-19.&nbsp;</p>\n<p>Individuals aged 12-17 years are recommended to receive a booster dose of a Pfizer-BioNTech/Comirnaty vaccine, while individuals aged 18 years and older are recommended to receive a booster dose of either the Pfizer-BioNTech/Comirnaty vaccine or the Moderna/Spikevax vaccine- under the National Vaccination Programme.</p>\n<p>For those who received the Sinovac-CoronaVac vaccine as their third vaccine dose as part of a three-dose primary vaccination series incorporating the Sinovac-CoronaVac vaccines, they should receive a booster dose of a mRNA vaccine under the National Vaccination Programme earlier - from three months after the third dose of the vaccine, due to lower antibody levels generated by the third vaccine dose.</p>\n<p>This booster dose should not be delayed beyond nine months after the primary vaccine course.</p>\n<p>Persons who had recovered from COVID-19 infection and completed the recommended COVID-19 vaccination may receive a booster vaccination. It is safe for them and may provide additional protection. They may receive their next vaccine dose 28 days after infection, although they are recommended to do so three months from the infection and around five months after the last dose of their primary vaccination series (whichever is later) for better effectiveness.</p>\n<p>*The primary vaccine course may comprise of either:</p>\n<ul>\n<li>Two doses of either the Pfizer-BioNTech/Comirnaty or the Moderna/Spikevax COVID-19 vaccine;</li>\n<li>Two or more doses of the Sinovac-CoronaVac vaccines as part of a three-dose primary vaccination series; or</li>\n<li>A complete primary vaccination regimen of other WHO EUL vaccines.</li>\n</ul>\n<img src=\"https://files.ask.gov.sg/Booster table-kvozfs.PNG\" alt=\"Booster table\" style=\"height: auto;width: 100%\"/>\n<p></p>\n<p><strong>Note: </strong>Recommendations for Sinovac-CoronaVac will apply to Sinopharm as well.</p>\n",
                    "createdAt": "2022-01-17T01:22:06.000Z",
                    "updatedAt": "2022-03-02T01:55:59.000Z",
                    "userId": 48,
                    "postId": 851
                }
            ],
            "topic": {
                "name": "COVID-19 Vaccination and Booster",
                "description": null
            }
        },
        {
            "id": 855,
            "userId": 48,
            "title": "Should persons who had completed the Sinovac-CoronaVac vaccine three dose primary series receive a booster? What booster should they receive?",
            "description": "",
            "createdAt": "2022-01-17T01:43:01.000Z",
            "views": 8629,
            "answerCount": 1,
            "topicId": 94,
            "agencyId": 5,
            "tags": [],
            "user": {
                "username": "ifa_alisha_wahid@moh.gov.sg"
            },
            "answers": [
                {
                    "id": 850,
                    "body": "<p>Persons who had received two or more doses of the Sinovac-CoronaVac* COVID-19 vaccines as part of a three-dose primary vaccination series are recommended to receive a booster dose of either the Pfizer-BioNTech / Comirnaty or Moderna/Spikevax mRNA vaccines, unless medically ineligible for the mRNA vaccine.</p>\n<p>Such persons who received an mRNA vaccine as their third dose should receive the booster dose about five months thereafter. However, those who received the Sinovac-CoronaVac vaccine as their third vaccine dose should do so at three months thereafter, due to lower antibody levels generated by the third vaccine dose.</p>\n<p>Persons who were fully vaccinated with other WHO EUL vaccines are also recommended to receive a booster dose of an mRNA vaccine about five months after completion of their primary series vaccination.</p>\n<p>*Recommendations for Sinovac-Coronavac should similarly apply to Sinopharm</p>\n",
                    "createdAt": "2022-01-17T01:43:01.000Z",
                    "updatedAt": "2022-02-10T09:03:58.000Z",
                    "userId": 48,
                    "postId": 855
                }
            ],
            "topic": {
                "name": "COVID-19 Vaccination and Booster",
                "description": null
            }
        },
        {
            "id": 857,
            "userId": 48,
            "title": "Do I need to restart my primary vaccination series if I did not receive my booster within 270 days after the last dose in my primary series?",
            "description": "",
            "createdAt": "2022-01-17T01:46:01.000Z",
            "views": 8465,
            "answerCount": 1,
            "topicId": 94,
            "agencyId": 5,
            "tags": [],
            "user": {
                "username": "ifa_alisha_wahid@moh.gov.sg"
            },
            "answers": [
                {
                    "id": 852,
                    "body": "<p>No, you do not need to restart your primary vaccination series. You should receive the booster dose as soon as possible for optimal protection. Upon receiving your booster, you will be considered as fully vaccinated.</p>\n",
                    "createdAt": "2022-01-17T01:46:01.000Z",
                    "updatedAt": "2022-01-17T01:46:01.000Z",
                    "userId": 48,
                    "postId": 857
                }
            ],
            "topic": {
                "name": "COVID-19 Vaccination and Booster",
                "description": null
            }
        },
        {
            "id": 906,
            "userId": 48,
            "title": "I have recovered from a COVID-19 infection and have an official record of the infection. Can I take my COVID-19 vaccine now? ",
            "description": "",
            "createdAt": "2022-02-25T07:34:57.000Z",
            "views": 7150,
            "answerCount": 1,
            "topicId": 94,
            "agencyId": 5,
            "tags": [],
            "user": {
                "username": "ifa_alisha_wahid@moh.gov.sg"
            },
            "answers": [
                {
                    "id": 901,
                    "body": "<p>Persons who had recovered from COVID-19 and were fully vaccinated before their infection are considered to have completed their primary series. Persons who have not completed their primary vaccination series before recovering from a COVID-19 infection, are recommended to receive a single dose of an mRNA vaccine.</p>\n<p>If you are due for your vaccination based on the schedules recommended in the national vaccination programme (e.g. to receive a booster dose about 5 months after two doses of mRNA vaccines), you may receive your next vaccine dose 28 days after infection, although you are recommended to do so three months from the infection for better effectiveness.</p>\n",
                    "createdAt": "2022-02-25T07:34:57.000Z",
                    "updatedAt": "2022-02-25T07:34:57.000Z",
                    "userId": 48,
                    "postId": 906
                }
            ],
            "topic": {
                "name": "COVID-19 Vaccination and Booster",
                "description": null
            }
        },
        {
            "id": 868,
            "userId": 48,
            "title": "I had departed from the National Vaccination Programme recommendations* & taken WHO EUL vaccines for my booster. Am I considered fully vaccinated? ",
            "description": "<p>*2 mRNA vaccine or 3 Sinovac-CoronaVac vaccines, followed by a mRNA booster about 5 months after primary vaccination series</p>\n",
            "createdAt": "2022-01-18T02:54:12.000Z",
            "views": 6009,
            "answerCount": 1,
            "topicId": 94,
            "agencyId": 5,
            "tags": [],
            "user": {
                "username": "ifa_alisha_wahid@moh.gov.sg"
            },
            "answers": [
                {
                    "id": 863,
                    "body": "<p>Persons who have completed their primary vaccination series and received a WHO EUL vaccine at least 90 days from their last dose of a complete primary vaccination series would be considered boosted, and will retain their fully vaccinated status.&nbsp;</p>\n",
                    "createdAt": "2022-01-18T02:54:12.000Z",
                    "updatedAt": "2022-03-11T08:05:58.000Z",
                    "userId": 48,
                    "postId": 868
                }
            ],
            "topic": {
                "name": "COVID-19 Vaccination and Booster",
                "description": null
            }
        },
        {
            "id": 892,
            "userId": 33,
            "title": "Which digitally verifiable vaccination certificates are exempted from serology testing?",
            "description": "",
            "createdAt": "2022-01-29T14:29:01.000Z",
            "views": 4927,
            "answerCount": 1,
            "topicId": 94,
            "agencyId": 5,
            "tags": [],
            "user": {
                "username": "Timothy_TAY@moh.gov.sg"
            },
            "answers": [
                {
                    "id": 887,
                    "body": "<p>Holders of the following types of certificates may be exempted from serology testing for their vaccinations to be recognised:</p>\n<ul>\n<li>EU Digital COVID Certificate (EU DCC), including formats cross-compatible with the EU DCC system such as the UK’s NHS Covid Pass</li>\n<li>[Australia] International COVID-19 Vaccination Certificate</li>\n<li>[India] Co-WIN International Travel Certificate</li>\n<li>[Malaysia] Digital Certificate for COVID-19 Vaccination from MySejahtera app</li>\n<li>[Maldives] COVID-19 Digital Certification from the Health Protection Agency Maldives</li>\n<li>[Republic of Korea] COVID-19 Vaccination Certificate issued by the Korea Disease Control and Prevention Agency</li>\n<li>[Thailand] International COVID-19 Vaccination Certificate issued by the Department of Disease Control, Ministry of Public Health Thailand</li>\n</ul>\n",
                    "createdAt": "2022-01-29T14:29:02.000Z",
                    "updatedAt": "2022-01-29T14:29:02.000Z",
                    "userId": 33,
                    "postId": 892
                }
            ],
            "topic": {
                "name": "COVID-19 Vaccination and Booster",
                "description": null
            }
        },
        {
            "id": 858,
            "userId": 48,
            "title": "Are there any safety concerns if I had unknowingly recovered from COVID-19, and subsequently take the booster dose?",
            "description": "",
            "createdAt": "2022-01-18T01:13:20.000Z",
            "views": 4720,
            "answerCount": 1,
            "topicId": 94,
            "agencyId": 5,
            "tags": [],
            "user": {
                "username": "ifa_alisha_wahid@moh.gov.sg"
            },
            "answers": [
                {
                    "id": 853,
                    "body": "<p>There are no additional safety concerns with taking the booster vaccination if you had unknowingly recovered from a past infection. There is no evidence that the vaccination of recovered persons causes over-stimulation, autoimmune disorders or other safety concerns.</p>\n",
                    "createdAt": "2022-01-18T01:13:21.000Z",
                    "updatedAt": "2022-01-24T10:53:58.000Z",
                    "userId": 48,
                    "postId": 858
                }
            ],
            "topic": {
                "name": "COVID-19 Vaccination and Booster",
                "description": null
            }
        },
        {
            "id": 870,
            "userId": 48,
            "title": "Where can I see my vaccination records?",
            "description": "",
            "createdAt": "2022-01-18T03:10:08.000Z",
            "views": 3528,
            "answerCount": 1,
            "topicId": 94,
            "agencyId": 5,
            "tags": [],
            "user": {
                "username": "ifa_alisha_wahid@moh.gov.sg"
            },
            "answers": [
                {
                    "id": 865,
                    "body": "<p>Individuals who are vaccinated in Singapore or vaccinated overseas with WHO EUL vaccines and had their vaccination records ingested in the National Immunisation Registry (NIR) will be able to see their vaccination records on HealthHub application or NIR at <a href=\"http://www.nir.hpb.gov.sg/nirp/eservices/login\" target=\"_blank\">www.nir.hpb.gov.sg/nirp/eservices/login</a> .</p>\n<p>Individuals who are not HealthHub users are encouraged to keep the physical vaccination card issued by the vaccination providers for your own safekeeping.</p>\n",
                    "createdAt": "2022-01-18T03:10:08.000Z",
                    "updatedAt": "2022-01-18T03:10:08.000Z",
                    "userId": 48,
                    "postId": 870
                }
            ],
            "topic": {
                "name": "COVID-19 Vaccination and Booster",
                "description": null
            }
        },
        {
            "id": 861,
            "userId": 48,
            "title": "I previously contracted COVID-19. Following my country’s guidelines, I got vaccinated with only one dose of a WHO EUL vaccine. Am I fully-vaccinated?",
            "description": "",
            "createdAt": "2022-01-18T01:53:29.000Z",
            "views": 3271,
            "answerCount": 1,
            "topicId": 94,
            "agencyId": 5,
            "tags": [],
            "user": {
                "username": "ifa_alisha_wahid@moh.gov.sg"
            },
            "answers": [
                {
                    "id": 856,
                    "body": "<p>Yes. You may visit a healthcare provider for your serology test to ingest your records into the NIR.</p>\n<p>If you received a dose of a non-inactivated virus vaccine (i.e. vaccines except Sinovac, Sinopharm, and Covaxin), you will need to take an anti-N serology test to confirm your past infection in addition to an anti-S serology test to confirm your vaccination.</p>\n<p>If you received a dose of an inactivated virus vaccine, an anti-N serology test would be unable to ascertain your past infection. You should provide documentary evidence of your past infection to the doctor (e.g. PCR test result, recovery memo).</p>\n",
                    "createdAt": "2022-01-18T01:53:29.000Z",
                    "updatedAt": "2022-01-21T09:10:46.000Z",
                    "userId": 48,
                    "postId": 861
                }
            ],
            "topic": {
                "name": "COVID-19 Vaccination and Booster",
                "description": null
            }
        },
        {
            "id": 853,
            "userId": 48,
            "title": "Does my booster dose have to be of the same brand as my first 2 doses? ",
            "description": "",
            "createdAt": "2022-01-17T01:39:24.000Z",
            "views": 3179,
            "answerCount": 1,
            "topicId": 94,
            "agencyId": 5,
            "tags": [],
            "user": {
                "username": "ifa_alisha_wahid@moh.gov.sg"
            },
            "answers": [
                {
                    "id": 848,
                    "body": "<p>If you are aged 18 years and older, your booster dose can be of either brand of the mRNA vaccines offered under the National Vaccination Programme. Persons aged between 12 to 17 years old are currently only eligible to receive the Pfizer-BioNTech/Cominarty vaccine for the booster dose.</p>\n",
                    "createdAt": "2022-01-17T01:39:24.000Z",
                    "updatedAt": "2022-01-25T06:35:43.000Z",
                    "userId": 48,
                    "postId": 853
                }
            ],
            "topic": {
                "name": "COVID-19 Vaccination and Booster",
                "description": null
            }
        },
        {
            "id": 871,
            "userId": 48,
            "title": "I am a traveller who had received 2 doses of the Sinovac-CoronaVac or Sinopharm vaccine overseas. What will my vaccination status be?",
            "description": "",
            "createdAt": "2022-01-18T03:11:29.000Z",
            "views": 2915,
            "answerCount": 1,
            "topicId": 94,
            "agencyId": 5,
            "tags": [],
            "user": {
                "username": "ifa_alisha_wahid@moh.gov.sg"
            },
            "answers": [
                {
                    "id": 866,
                    "body": "<p>You may have been granted a temporary “Vaccinated” status on arrival in Singapore. After this temporary status expires and you have ingested your overseas vaccination records in the NIR, your vaccination status may change according to local rules: You will be regarded as fully vaccinated for 4 months after the second dose, or until 31 December 2021, whichever is later.</p>\n",
                    "createdAt": "2022-01-18T03:11:29.000Z",
                    "updatedAt": "2022-01-18T03:11:29.000Z",
                    "userId": 48,
                    "postId": 871
                }
            ],
            "topic": {
                "name": "COVID-19 Vaccination and Booster",
                "description": null
            }
        },
        {
            "id": 900,
            "userId": 48,
            "title": "Can I take Sinovac as my booster, after 2 mRNA doses?",
            "description": "",
            "createdAt": "2022-02-07T13:45:54.000Z",
            "views": 2799,
            "answerCount": 1,
            "topicId": 94,
            "agencyId": 5,
            "tags": [],
            "user": {
                "username": "ifa_alisha_wahid@moh.gov.sg"
            },
            "answers": [
                {
                    "id": 895,
                    "body": "<p>The Sinovac vaccine is only available as a booster dose for those who are medically ineligible for the mRNA vaccines. If you developed allergies after your second mRNA dose, visit your doctor to obtain certification of your medical ineligibility for mRNA vaccines and bring this documentation to the vaccination centre before taking the Sinovac vaccine as a booster.</p>\n",
                    "createdAt": "2022-02-07T13:45:55.000Z",
                    "updatedAt": "2022-02-07T13:45:55.000Z",
                    "userId": 48,
                    "postId": 900
                }
            ],
            "topic": {
                "name": "COVID-19 Vaccination and Booster",
                "description": null
            }
        },
        {
            "id": 905,
            "userId": 48,
            "title": " I tested positive on self-administered ART and have yet to complete my COVID-19 primary vaccination series. When can I take my next dose? ",
            "description": "",
            "createdAt": "2022-02-25T07:34:04.000Z",
            "views": 2434,
            "answerCount": 1,
            "topicId": 94,
            "agencyId": 5,
            "tags": [],
            "user": {
                "username": "ifa_alisha_wahid@moh.gov.sg"
            },
            "answers": [
                {
                    "id": 900,
                    "body": "<p>You should proceed to complete your vaccination. There is no official record of your infection, and it is safe for you to receive two doses of mRNA vaccines for the primary vaccination series, and one dose of the mRNA vaccine as a booster.&nbsp;</p>\n<p>If you are not medically eligible for the mRNA vaccines, you should complete your vaccination using alternative vaccines (e.g. Sinovac). If you are due for your vaccination based on the schedules recommended in the national vaccination programme (e.g. to receive a booster dose about 5 months after two doses of mRNA vaccines), you may receive your next vaccine dose 28 days after infection, although you are recommended to do so three months from the infection for better effectiveness.&nbsp;</p>\n",
                    "createdAt": "2022-02-25T07:34:04.000Z",
                    "updatedAt": "2022-02-25T07:34:04.000Z",
                    "userId": 48,
                    "postId": 905
                }
            ],
            "topic": {
                "name": "COVID-19 Vaccination and Booster",
                "description": null
            }
        },
        {
            "id": 899,
            "userId": 48,
            "title": "I have not received my SMS to take the mRNA booster (third dose). What should I do?",
            "description": "",
            "createdAt": "2022-02-07T13:43:59.000Z",
            "views": 2178,
            "answerCount": 1,
            "topicId": 94,
            "agencyId": 5,
            "tags": [],
            "user": {
                "username": "ifa_alisha_wahid@moh.gov.sg"
            },
            "answers": [
                {
                    "id": 894,
                    "body": "<p>If you have received your second mRNA dose more than 150 days ago, you are eligible to walk in to any vaccination centre to receive your booster dose.</p>\n",
                    "createdAt": "2022-02-07T13:43:59.000Z",
                    "updatedAt": "2022-02-07T13:43:59.000Z",
                    "userId": 48,
                    "postId": 899
                }
            ],
            "topic": {
                "name": "COVID-19 Vaccination and Booster",
                "description": null
            }
        },
        {
            "id": 872,
            "userId": 48,
            "title": "I have been vaccinated locally. Why is my status still reflected as \"Not Vaccinated\" or \"In progress\" or \"Waiting to take effect\"?",
            "description": "",
            "createdAt": "2022-01-18T03:13:10.000Z",
            "views": 2169,
            "answerCount": 1,
            "topicId": 94,
            "agencyId": 5,
            "tags": [],
            "user": {
                "username": "ifa_alisha_wahid@moh.gov.sg"
            },
            "answers": [
                {
                    "id": 867,
                    "body": "<p>If your vaccination status is reflected as \"Not Vaccinated\" or \"In Progress\" or \"Waiting to take effect\", it may be due to the following reasons:</p>\n<ul>\n<li>You have not completed all doses of the vaccination.</li>\n<li>The interval between your vaccination doses is outside of the recommended minimal interval for the vaccine. Please refer to www.vaccine.gov.sg for more information on the recommended interval between doses.</li>\n<li>It has been less than 14 days since you received the final dose of the vaccine. The vaccine will only fully take effect 14 days after your last dose. For avoidance of doubt, Day 0 is taken as the day of the final dose of the vaccination and Day 14 is taken as the day the vaccination is effective.</li>\n</ul>\n<p>To check if your vaccination status is accurately reflected, please visit <a href=\"https://go.gov.sg/vds-query-form\" target=\"_blank\">https://go.gov.sg/vds-query-form</a>.&nbsp;</p>\n",
                    "createdAt": "2022-01-18T03:13:10.000Z",
                    "updatedAt": "2022-01-19T08:01:53.000Z",
                    "userId": 48,
                    "postId": 872
                }
            ],
            "topic": {
                "name": "COVID-19 Vaccination and Booster",
                "description": null
            }
        },
        {
            "id": 862,
            "userId": 48,
            "title": "Which are the healthcare providers that can provide serology testing for verification of vaccinations?",
            "description": "",
            "createdAt": "2022-01-18T02:19:42.000Z",
            "views": 2107,
            "answerCount": 1,
            "topicId": 94,
            "agencyId": 5,
            "tags": [],
            "user": {
                "username": "ifa_alisha_wahid@moh.gov.sg"
            },
            "answers": [
                {
                    "id": 857,
                    "body": "<p>Most clinics will be able to provide serology testing to confirm whether the individual has undergone the vaccinations. <a href=\"https://phpc.gov.sg\" target=\"_blank\">phpc.gov.sg</a>  provides the list of some clinics’ addresses and contact details (not exhaustive)*. Please call in advance to check that the clinic is able to support serology testing for persons vaccinated overseas and update their record on the National Immunisation Registry.</p>\n<p><em>* The polyclinics do not provide serology testing for verification of overseas vaccination.</em></p>\n",
                    "createdAt": "2022-01-18T02:19:42.000Z",
                    "updatedAt": "2022-01-18T02:19:42.000Z",
                    "userId": 48,
                    "postId": 862
                }
            ],
            "topic": {
                "name": "COVID-19 Vaccination and Booster",
                "description": null
            }
        },
        {
            "id": 866,
            "userId": 48,
            "title": "Will serology testing be required for those who have received partial or complete COVID-19 vaccination overseas?",
            "description": "",
            "createdAt": "2022-01-18T02:34:13.000Z",
            "views": 2088,
            "answerCount": 1,
            "topicId": 94,
            "agencyId": 5,
            "tags": [],
            "user": {
                "username": "ifa_alisha_wahid@moh.gov.sg"
            },
            "answers": [
                {
                    "id": 861,
                    "body": "<p>The serology test requirement would apply across board to those who have received either partial or complete COVID-19 vaccination overseas, including booster shots.</p>\n",
                    "createdAt": "2022-01-18T02:34:14.000Z",
                    "updatedAt": "2022-01-18T02:34:14.000Z",
                    "userId": 48,
                    "postId": 866
                }
            ],
            "topic": {
                "name": "COVID-19 Vaccination and Booster",
                "description": null
            }
        },
        {
            "id": 873,
            "userId": 48,
            "title": "I have been partially/completely vaccinated overseas. Why is my status still showing “not vaccinated”?",
            "description": "",
            "createdAt": "2022-01-18T03:15:35.000Z",
            "views": 1791,
            "answerCount": 1,
            "topicId": 94,
            "agencyId": 5,
            "tags": [],
            "user": {
                "username": "ifa_alisha_wahid@moh.gov.sg"
            },
            "answers": [
                {
                    "id": 868,
                    "body": "<p>It may be due to the following reasons:</p>\n<ul>\n<li>You have not completed all doses of the vaccination.</li>\n<li>The interval between your vaccination doses is outside of the recommended minimal interval for the vaccine.</li>\n<li>The result of your serology test conducted in the local private clinics providing the service is negative.</li>\n<li>The local private clinic providing the service is waiting for your serology test result.</li>\n<li>Your local serology result is positive, and pending submission of your vaccination data into NIR by your medical provider. Once submitted, it should be reflected as “Vaccinated” within 24 hours.</li>\n<li>You have taken an additional dose in Singapore and it has been less than 14 days since you received it. The vaccine will only fully take effect 14 days after your additional dose. For avoidance of doubt, Day 0 is taken as the day of the final dose of the vaccination and Day 14 is taken as the day the vaccination is effective.</li>\n</ul>\n<p>Alternatively, you may visit <a href=\"https://go.gov.sg/vds-query-form\" target=\"_blank\">https://go.gov.sg/vds-query-form</a> to check if your  vaccination s tatus is accurately reflected.</p>\n",
                    "createdAt": "2022-01-18T03:15:35.000Z",
                    "updatedAt": "2022-01-19T01:15:44.000Z",
                    "userId": 48,
                    "postId": 873
                }
            ],
            "topic": {
                "name": "COVID-19 Vaccination and Booster",
                "description": null
            }
        },
        {
            "id": 863,
            "userId": 48,
            "title": "What will the charges for serology testing be? ",
            "description": "",
            "createdAt": "2022-01-18T02:23:14.000Z",
            "views": 1579,
            "answerCount": 1,
            "topicId": 94,
            "agencyId": 5,
            "tags": [],
            "user": {
                "username": "ifa_alisha_wahid@moh.gov.sg"
            },
            "answers": [
                {
                    "id": 858,
                    "body": "<p>The charges will be determined by the private healthcare providers providing the service. Please contact the clinics directly about the charges.</p>\n",
                    "createdAt": "2022-01-18T02:23:14.000Z",
                    "updatedAt": "2022-01-18T02:27:23.000Z",
                    "userId": 48,
                    "postId": 863
                }
            ],
            "topic": {
                "name": "COVID-19 Vaccination and Booster",
                "description": null
            }
        },
        {
            "id": 859,
            "userId": 48,
            "title": "What is the dosage used for booster vaccination?",
            "description": "",
            "createdAt": "2022-01-18T01:32:17.000Z",
            "views": 1366,
            "answerCount": 1,
            "topicId": 94,
            "agencyId": 5,
            "tags": [],
            "user": {
                "username": "ifa_alisha_wahid@moh.gov.sg"
            },
            "answers": [
                {
                    "id": 854,
                    "body": "<p>The dosages for booster vaccination by vaccine types are:</p>\n<ul>\n<li>50 mcg for the Moderna/Spikevax vaccine</li>\n<li>30 mcg for the Pfizer-BioNTech/Comirnaty vaccine</li>\n</ul>\n<p>The booster dosage of the Moderna/Spikevax vaccine is less than the 100 mcg used for the first two doses. This is because data has shown that a 50 mcg dose effectively boosts the immune protection against COVID-19. If you have received a 100 mcg dose for your booster vaccination, there are no safety concerns in having done so.</p>\n<p>The booster dosage of the Pfizer-BioNTech/Comirnaty vaccine is the same as that used for the first two doses.</p>\n",
                    "createdAt": "2022-01-18T01:32:17.000Z",
                    "updatedAt": "2022-02-10T09:01:30.000Z",
                    "userId": 48,
                    "postId": 859
                }
            ],
            "topic": {
                "name": "COVID-19 Vaccination and Booster",
                "description": null
            }
        },
        {
            "id": 864,
            "userId": 48,
            "title": "Why is serology testing required before overseas COVID-19 vaccination records of SCs/PRs/LTPHs can be accepted into Singapore’s IT systems?",
            "description": "<p>SC - Singapore Citizen</p>\n<p>PR - Permanent Resident</p>\n<p>LTHP - Long-term Pass Holders</p>\n",
            "createdAt": "2022-01-18T02:29:01.000Z",
            "views": 1245,
            "answerCount": 1,
            "topicId": 94,
            "agencyId": 5,
            "tags": [],
            "user": {
                "username": "ifa_alisha_wahid@moh.gov.sg"
            },
            "answers": [
                {
                    "id": 859,
                    "body": "<p>The serology test is an additional means, on top of vaccination documentation, to confirm that a person has undergone effective vaccination.</p>\n",
                    "createdAt": "2022-01-18T02:29:02.000Z",
                    "updatedAt": "2022-01-18T03:59:31.000Z",
                    "userId": 48,
                    "postId": 864
                }
            ],
            "topic": {
                "name": "COVID-19 Vaccination and Booster",
                "description": null
            }
        },
        {
            "id": 869,
            "userId": 48,
            "title": "I am turning 12 years old soon and would need to receive the booster dose soon*. Is there a grace period for me to receive the booster dose? ",
            "description": "<p>*to maintain the vaccination status as my primary series has been more than 270 days</p>\n",
            "createdAt": "2022-01-18T03:06:12.000Z",
            "views": 1168,
            "answerCount": 1,
            "topicId": 94,
            "agencyId": 5,
            "tags": [],
            "user": {
                "username": "ifa_alisha_wahid@moh.gov.sg"
            },
            "answers": [
                {
                    "id": 864,
                    "body": "<p>You will be given a grace period of two months to receive the booster dose. During this period, the fully vaccinated status would be maintained.</p>\n",
                    "createdAt": "2022-01-18T03:06:12.000Z",
                    "updatedAt": "2022-01-25T06:37:02.000Z",
                    "userId": 48,
                    "postId": 869
                }
            ],
            "topic": {
                "name": "COVID-19 Vaccination and Booster",
                "description": null
            }
        },
        {
            "id": 850,
            "userId": 48,
            "title": "Why is there a need for a booster dose?",
            "description": "",
            "createdAt": "2022-01-17T01:16:30.000Z",
            "views": 1155,
            "answerCount": 1,
            "topicId": 94,
            "agencyId": 5,
            "tags": [],
            "user": {
                "username": "ifa_alisha_wahid@moh.gov.sg"
            },
            "answers": [
                {
                    "id": 845,
                    "body": "<p>Local and international data show reduced vaccine protection against COVID-19 infection from around six months after completion of the last vaccine dose in the primary vaccination series or earlier. The level of protection drops even further over time. There is also some reduction in protection against severe disease, particularly in older persons. In addition, international studies have shown that the protection against Omicron variant infection by a primary vaccination series is weaker compared to previous variants, and that boosters increase the protection against infection and severe illnesses caused by Omicron. As such, booster vaccination is crucial to ensure continued protection against COVID-19.</p>\n",
                    "createdAt": "2022-01-17T01:16:30.000Z",
                    "updatedAt": "2022-01-17T01:16:30.000Z",
                    "userId": 48,
                    "postId": 850
                }
            ],
            "topic": {
                "name": "COVID-19 Vaccination and Booster",
                "description": null
            }
        },
        {
            "id": 867,
            "userId": 48,
            "title": "What should an individual do if he/she receives a negative serology test result?",
            "description": "",
            "createdAt": "2022-01-18T02:35:58.000Z",
            "views": 1136,
            "answerCount": 1,
            "topicId": 94,
            "agencyId": 5,
            "tags": [],
            "user": {
                "username": "ifa_alisha_wahid@moh.gov.sg"
            },
            "answers": [
                {
                    "id": 862,
                    "body": "<p>A negative serology result implies that the individual’s overseas vaccination was not effective and may not protect from COVID-19 infection. You may wish to re-take your vaccination in Singapore if you are eligible. More details can be found at <a href=\"https://vaccine.gov.sg\" target=\"_blank\">https://vaccine.gov.sg</a>  or the MOH COVID-19 hotline at 1800-333-9999.</p>\n",
                    "createdAt": "2022-01-18T02:35:58.000Z",
                    "updatedAt": "2022-01-18T02:35:58.000Z",
                    "userId": 48,
                    "postId": 867
                }
            ],
            "topic": {
                "name": "COVID-19 Vaccination and Booster",
                "description": null
            }
        }
    ],
    "totalItems": 34
}